entity_id;name;area;device;state;unit
automation.air_purifier_pause_on_open_window;Air purifier pause on open window;;;on;
automation.air_purifier_resume_on_closed_window;Air purifier resume on closed window;;;on;
automation.front_door_opener_failsafe_off;Front door opener failsafe off;;;on;
binary_sensor.ariana_beleuchtungs_benachrichtigung;Beleuchtungs-Benachrichtigung;lea_room;fyta_g1_03;not_loaded;
binary_sensor.ariana_nahrstoff_benachrichtigung;Nährstoff-Benachrichtigung;lea_room;fyta_g1_03;not_loaded;
binary_sensor.ariana_temperatur_benachrichtigung;Temperatur-Benachrichtigung;lea_room;fyta_g1_03;not_loaded;
binary_sensor.ariana_wasser_benachrichtigung;Wasser-Benachrichtigung;lea_room;fyta_g1_03;not_loaded;
binary_sensor.bathroom_water_leak;thirdreality_waterleak_05 Feuchte;bathroom;thirdreality_waterleak_05;off;
binary_sensor.bathroom_window_north_contact;shelly_dw_03 Fenster;bathroom;shelly_dw_03;on;
binary_sensor.bedroom_condensation_risk;Bedroom Condensation Risk;;;off;
binary_sensor.bedroom_mold_risk;Bedroom Mold Risk;;;off;
binary_sensor.bedroom_ventilation_recommended;Bedroom Ventilation Recommended;;;on;
binary_sensor.bedroom_window_north_contact;shelly_dw_01 Fenster;bedroom;shelly_dw_01;on;
binary_sensor.boiler_room_synology_ds225_01_drive1_max_fehlerhafte_sektoren_uberschritten;synology_ds225_01_drive1 Max. fehlerhafte Sektoren überschritten;boiler_room;synology_ds225_01_drive1;off;
binary_sensor.boiler_room_synology_ds225_01_drive1_unterhalb_der_mindestrestlebensdauer;synology_ds225_01_drive1 Unterhalb der Mindestrestlebensdauer;boiler_room;synology_ds225_01_drive1;off;
binary_sensor.boiler_room_synology_ds225_01_drive2_max_fehlerhafte_sektoren_uberschritten;synology_ds225_01_drive2 Max. fehlerhafte Sektoren überschritten;boiler_room;synology_ds225_01_drive2;off;
binary_sensor.boiler_room_synology_ds225_01_drive2_unterhalb_der_mindestrestlebensdauer;synology_ds225_01_drive2 Unterhalb der Mindestrestlebensdauer;boiler_room;synology_ds225_01_drive2;off;
binary_sensor.boiler_room_synology_ds225_01_sicherheitsstatus;synology_ds225_01 Sicherheitsstatus;boiler_room;synology_ds225_01;off;
binary_sensor.bthome_sensor_aeac_fenster;shelly_dw_05 Fenster;anna_room;shelly_dw_05;off;
binary_sensor.bthome_sensor_f2ba_fenster;shelly_dw_04 Fenster;lea_room;shelly_dw_04;off;
binary_sensor.bthome_sensor_f3b0_fenster;shelly_dw_06 Fenster;anna_room;shelly_dw_06;off;
binary_sensor.bthome_sensor_fae8_fenster;shelly_dw_02 Fenster;toilet;shelly_dw_02;off;
binary_sensor.esphome_device_builder_aktiv;Aktiv;;ESPHome Device Builder;not_loaded;
binary_sensor.handy_claudia_android_auto;Android Auto;;handy-claudia;not_loaded;
binary_sensor.handy_claudia_app_inactive;App inactive;;handy-claudia;not_loaded;
binary_sensor.handy_claudia_bluetooth_state;Bluetooth state;;handy-claudia;not_loaded;
binary_sensor.handy_claudia_device_locked;Device locked;;handy-claudia;not_loaded;
binary_sensor.handy_claudia_device_secure;Device secure;;handy-claudia;not_loaded;
binary_sensor.handy_claudia_doze_mode;Doze mode;;handy-claudia;not_loaded;
binary_sensor.handy_claudia_headphones;Headphones;;handy-claudia;not_loaded;
binary_sensor.handy_claudia_hotspot_state;Hotspot state;;handy-claudia;not_loaded;
binary_sensor.handy_claudia_interactive;Interactive;;handy-claudia;not_loaded;
binary_sensor.handy_claudia_is_charging;Is charging;;handy-claudia;not_loaded;
binary_sensor.handy_claudia_keyguard_locked;Keyguard locked;;handy-claudia;not_loaded;
binary_sensor.handy_claudia_keyguard_secure;Keyguard secure;;handy-claudia;not_loaded;
binary_sensor.handy_claudia_mic_muted;Mic muted;;handy-claudia;not_loaded;
binary_sensor.handy_claudia_mobile_data;Mobile data;;handy-claudia;not_loaded;
binary_sensor.handy_claudia_mobile_data_roaming;Mobile data roaming;;handy-claudia;not_loaded;
binary_sensor.handy_claudia_music_active;Music active;;handy-claudia;not_loaded;
binary_sensor.handy_claudia_nfc_state;NFC state;;handy-claudia;not_loaded;
binary_sensor.handy_claudia_power_save;Power save;;handy-claudia;not_loaded;
binary_sensor.handy_claudia_speakerphone;Speakerphone;;handy-claudia;not_loaded;
binary_sensor.handy_claudia_wi_fi_state;Wi-Fi state;;handy-claudia;not_loaded;
binary_sensor.handy_claudia_work_profile;Work profile;;handy-claudia;not_loaded;
binary_sensor.handy_sven_android_auto;Android Auto;;Handy-Sven;not_loaded;
binary_sensor.handy_sven_app_inactive;App inactive;;Handy-Sven;not_loaded;
binary_sensor.handy_sven_bluetooth_state;Bluetooth state;;Handy-Sven;not_loaded;
binary_sensor.handy_sven_device_locked;Device locked;;Handy-Sven;not_loaded;
binary_sensor.handy_sven_device_secure;Device secure;;Handy-Sven;not_loaded;
binary_sensor.handy_sven_doze_mode;Doze mode;;Handy-Sven;not_loaded;
binary_sensor.handy_sven_headphones;Headphones;;Handy-Sven;not_loaded;
binary_sensor.handy_sven_hotspot_state;Hotspot state;;Handy-Sven;not_loaded;
binary_sensor.handy_sven_interactive;Interactive;;Handy-Sven;not_loaded;
binary_sensor.handy_sven_is_charging;Is charging;;Handy-Sven;not_loaded;
binary_sensor.handy_sven_keyguard_locked;Keyguard locked;;Handy-Sven;not_loaded;
binary_sensor.handy_sven_keyguard_secure;Keyguard secure;;Handy-Sven;not_loaded;
binary_sensor.handy_sven_mic_muted;Mic muted;;Handy-Sven;not_loaded;
binary_sensor.handy_sven_mobile_data;Mobile data;;Handy-Sven;not_loaded;
binary_sensor.handy_sven_mobile_data_roaming;Mobile data roaming;;Handy-Sven;not_loaded;
binary_sensor.handy_sven_music_active;Music active;;Handy-Sven;not_loaded;
binary_sensor.handy_sven_nfc_state;NFC state;;Handy-Sven;not_loaded;
binary_sensor.handy_sven_power_save;Power save;;Handy-Sven;not_loaded;
binary_sensor.handy_sven_speakerphone;Speakerphone;;Handy-Sven;not_loaded;
binary_sensor.handy_sven_wi_fi_state;Wi-Fi state;;Handy-Sven;not_loaded;
binary_sensor.handy_sven_work_profile;Work profile;;Handy-Sven;not_loaded;
binary_sensor.kitchen_water_leak;thirdreality_waterleak_04 Feuchte;kitchen;thirdreality_waterleak_04;off;
binary_sensor.laundry_room_siemens_dryer_01_fernstart;siemens_dryer_01 Fernstart;laundry_room;siemens_dryer_01;off;
binary_sensor.laundry_room_siemens_dryer_01_fernsteuerung;siemens_dryer_01 Fernsteuerung;laundry_room;siemens_dryer_01;on;
binary_sensor.laundry_room_siemens_dryer_01_konnektivitat;siemens_dryer_01 Konnektivität;laundry_room;siemens_dryer_01;on;
binary_sensor.laundry_room_siemens_dryer_01_lokale_steuerung;siemens_dryer_01 Lokale Steuerung;laundry_room;siemens_dryer_01;off;
binary_sensor.laundry_room_water_leak;thirdreality_waterleak_01 Feuchte;laundry_room;thirdreality_waterleak_01;unknown;
binary_sensor.lea_room_fyta_g1_01_batteriestand;fyta_g1_01 Batteriestand;lea_room;fyta_g1_01;on;
binary_sensor.lea_room_fyta_g1_01_nutzpflanze;fyta_g1_01 Nutzpflanze;lea_room;fyta_g1_01;off;
binary_sensor.lea_room_fyta_g1_01_umgetopft;fyta_g1_01 Umgetopft;lea_room;fyta_g1_01;off;
binary_sensor.lea_room_fyta_g1_01_update;fyta_g1_01 Update;lea_room;fyta_g1_01;off;
binary_sensor.lea_room_fyta_g1_03_batteriestand;fyta_g1_03 Batteriestand;lea_room;fyta_g1_03;off;
binary_sensor.lea_room_fyta_g1_03_nutzpflanze;fyta_g1_03 Nutzpflanze;lea_room;fyta_g1_03;off;
binary_sensor.lea_room_fyta_g1_03_umgetopft;fyta_g1_03 Umgetopft;lea_room;fyta_g1_03;on;
binary_sensor.lea_room_fyta_g1_03_update;fyta_g1_03 Update;lea_room;fyta_g1_03;off;
binary_sensor.living_room_condensation_risk;Living Room Condensation Risk;;;off;
binary_sensor.living_room_fyta_g1_02_batteriestand;fyta_g1_02 Batteriestand;living_room;fyta_g1_02;on;
binary_sensor.living_room_fyta_g1_02_nutzpflanze;fyta_g1_02 Nutzpflanze;living_room;fyta_g1_02;off;
binary_sensor.living_room_fyta_g1_02_umgetopft;fyta_g1_02 Umgetopft;living_room;fyta_g1_02;off;
binary_sensor.living_room_fyta_g1_02_update;fyta_g1_02 Update;living_room;fyta_g1_02;off;
binary_sensor.living_room_mold_risk;Living Room Mold Risk;;;off;
binary_sensor.living_room_shelly_minig3_01_eingang_0;shelly_minig3_01 Eingang 0;living_room;shelly_minig3_01;unavailable;
binary_sensor.living_room_shelly_plusuni_01_eingang_0;shelly_plusuni_01 Eingang 0;living_room;shelly_plusuni_01;off;
binary_sensor.living_room_shelly_plusuni_01_eingang_1;shelly_plusuni_01 Eingang 1;living_room;shelly_plusuni_01;off;
binary_sensor.living_room_shelly_shsw25_01_uberhitzung;shelly_shsw25_01 Überhitzung;living_room;shelly_shsw25_01;off;
binary_sensor.living_room_ventilation_recommended;Living Room Ventilation Recommended;;;on;
binary_sensor.living_room_water_leak;thirdreality_waterleak_02 Feuchte;living_room;thirdreality_waterleak_02;off;
binary_sensor.mat_de_mqtt_verbindung;mat*** (DE) MQTT Verbindung;virtual;mat*** (DE);on;
binary_sensor.mat_de_nachrichten;mat*** (DE) Nachrichten;virtual;mat*** (DE);on;
binary_sensor.matter_server_running;Aktiv;;Matter Server;not_loaded;
binary_sensor.mosquitto_broker_aktiv;Aktiv;;Mosquitto broker;not_loaded;
binary_sensor.onedrive_backup_aktiv;Aktiv;;OneDrive Backup;not_loaded;
binary_sensor.openthread_border_router_aktiv;Aktiv;;OpenThread Border Router;not_loaded;
binary_sensor.power_main_cloud;Cloud;staircase_basement;shelly_3empro_01;not_loaded;
binary_sensor.power_main_neustart_erforderlich;Neustart erforderlich;staircase_basement;shelly_3empro_01;not_loaded;
binary_sensor.quentin_beleuchtungs_benachrichtigung;Beleuchtungs-Benachrichtigung;living_room;fyta_g1_02;not_loaded;
binary_sensor.quentin_nahrstoff_benachrichtigung;Nährstoff-Benachrichtigung;living_room;fyta_g1_02;not_loaded;
binary_sensor.quentin_temperatur_benachrichtigung;Temperatur-Benachrichtigung;living_room;fyta_g1_02;not_loaded;
binary_sensor.quentin_wasser_benachrichtigung;Wasser-Benachrichtigung;living_room;fyta_g1_02;not_loaded;
binary_sensor.raspberry_pi_power_status;Raspberry Pi Stromversorgungsstatus;;Raspberry Pi;off;
binary_sensor.samba_share_aktiv;Aktiv;;Samba share;not_loaded;
binary_sensor.shelly1minig3_54320461c1ac_cloud;Cloud;living_room;shelly_minig3_01;not_loaded;
binary_sensor.shelly1minig3_54320461c1ac_neustart_erforderlich;Neustart erforderlich;living_room;shelly_minig3_01;not_loaded;
binary_sensor.shelly_dw2_01_erschutterung;shelly_dw2_01 Erschütterung;;shelly_dw2_01;on;
binary_sensor.shelly_dw2_01_tur;shelly_dw2_01 Tür;;shelly_dw2_01;on;
binary_sensor.shellyblugw_08d1f90c9d6c_cloud;Cloud;attic;shelly_blugw_01;not_loaded;
binary_sensor.shellyblugw_08d1f90c9d6c_neustart_erforderlich;Neustart erforderlich;attic;shelly_blugw_01;not_loaded;
binary_sensor.shellyplusplugs_80646fce4be8_cloud;Cloud;staircase_ground_floor;shelly_plusplug_01;not_loaded;
binary_sensor.shellyplusplugs_80646fce4be8_neustart_erforderlich;Neustart erforderlich;staircase_ground_floor;shelly_plusplug_01;not_loaded;
binary_sensor.shellyplusuni_e08cfe8b4a18_cloud;Cloud;living_room;shelly_plusuni_01;not_loaded;
binary_sensor.shellyplusuni_e08cfe8b4a18_neustart_erforderlich;Neustart erforderlich;living_room;shelly_plusuni_01;not_loaded;
binary_sensor.staircase_ground_floor_shelly_plusplug_01_video_indicator_uberhitzung;shelly_plusplug_01 Video Indicator Überhitzung;staircase_ground_floor;shelly_plusplug_01;off;
binary_sensor.staircase_ground_floor_shelly_plusplug_01_video_indicator_uberlast;shelly_plusplug_01 Video Indicator Überlast;staircase_ground_floor;shelly_plusplug_01;off;
binary_sensor.staircase_ground_floor_shelly_plusplug_01_video_indicator_uberspannung;shelly_plusplug_01 Video Indicator Überspannung;staircase_ground_floor;shelly_plusplug_01;off;
binary_sensor.staircase_ground_floor_shelly_plusplug_01_video_indicator_uberstrom;shelly_plusplug_01 Video Indicator Überstrom;staircase_ground_floor;shelly_plusplug_01;off;
binary_sensor.storage_room_condensation_risk;Storage Room Condensation Risk;;;off;
binary_sensor.storage_room_mold_risk;Storage Room Mold Risk;;;off;
binary_sensor.storage_room_ventilation_recommended;Storage Room Ventilation Recommended;;;on;
binary_sensor.studio_code_server_aktiv;Aktiv;;Studio Code Server;not_loaded;
binary_sensor.sulu_beleuchtungs_benachrichtigung;Beleuchtungs-Benachrichtigung;lea_room;fyta_g1_01;not_loaded;
binary_sensor.sulu_nahrstoff_benachrichtigung;Nährstoff-Benachrichtigung;lea_room;fyta_g1_01;not_loaded;
binary_sensor.sulu_temperatur_benachrichtigung;Temperatur-Benachrichtigung;lea_room;fyta_g1_01;not_loaded;
binary_sensor.sulu_wasser_benachrichtigung;Wasser-Benachrichtigung;lea_room;fyta_g1_01;not_loaded;
binary_sensor.sun_solar_rising;Solare Zunahme;;Sun;not_loaded;
binary_sensor.tailscale_aktiv;Aktiv;;Tailscale;not_loaded;
binary_sensor.terminal_ssh_aktiv;Aktiv;;Terminal & SSH;not_loaded;
binary_sensor.terrace_anker_solix_akkuheizung;anker_solix Akkuheizung;virtual;anker_solix;off;
binary_sensor.terrace_anker_solix_systemadministration;anker_solix Systemadministration;virtual;anker_solix;off;
binary_sensor.terrace_esp32_soundmeter_01_esp32_status;esp32_soundmeter_01 ESP32 Status;terrace;esp32_soundmeter_01;on;
binary_sensor.terrace_shelly_shsw25_01_c1_eingang;shelly_shsw25_01_c1 Eingang;terrace;shelly_shsw25_01_c1;off;
binary_sensor.terrace_shelly_shsw25_01_c1_uberlast;shelly_shsw25_01_c1 Überlast;terrace;shelly_shsw25_01_c1;off;
binary_sensor.terrace_shelly_shsw25_01_c2_eingang;shelly_shsw25_01_c2 Eingang;terrace;shelly_shsw25_01_c2;off;
binary_sensor.terrace_shelly_shsw25_01_c2_uberlast;shelly_shsw25_01_c2 Überlast;terrace;shelly_shsw25_01_c2;off;
binary_sensor.terrasse_sw_01_cloud;Cloud;living_room;shelly_shsw25_01;not_loaded;
binary_sensor.thirdreality_waterleak_01_battery_low;thirdreality_waterleak_01 Batteriestand;laundry_room;thirdreality_waterleak_01;unknown;
binary_sensor.thirdreality_waterleak_02_battery_low;thirdreality_waterleak_02 Batteriestand;living_room;thirdreality_waterleak_02;off;
binary_sensor.thirdreality_waterleak_03_battery_low;thirdreality_waterleak_03 Batteriestand;toilet;thirdreality_waterleak_03;off;
binary_sensor.thirdreality_waterleak_04_battery_low;thirdreality_waterleak_04 Batteriestand;kitchen;thirdreality_waterleak_04;off;
binary_sensor.thirdreality_waterleak_05_battery_low;thirdreality_waterleak_05 Batteriestand;bathroom;thirdreality_waterleak_05;off;
binary_sensor.toilet_water_leak;thirdreality_waterleak_03 Feuchte;toilet;thirdreality_waterleak_03;off;
binary_sensor.watermeter_problem;watermeter Problem;;watermeter;off;
binary_sensor.zigbee2mqtt_aktiv;Aktiv;;Zigbee2MQTT;not_loaded;
binary_sensor.zigbee2mqtt_bridge_connection_state;Zigbee2MQTT Bridge Connection state;;Zigbee2MQTT Bridge;on;
binary_sensor.zigbee2mqtt_bridge_restart_required;Restart required;;Zigbee2MQTT Bridge;not_loaded;
button.anker_solarbank_01_refresh_details;anker_solarbank_01 Details aktualisieren;terrace;anker_solarbank_01;unknown;
button.attic_shelly_blugw_01_neu_starten;shelly_blugw_01 Neu starten;attic;shelly_blugw_01;unknown;
button.boiler_room_synology_ds225_01_herunterfahren;synology_ds225_01 Herunterfahren;boiler_room;synology_ds225_01;unknown;
button.boiler_room_synology_ds225_01_neu_starten;synology_ds225_01 Neu starten;boiler_room;synology_ds225_01;unknown;
button.ikea_plug_01_identify;ikea_plug_01 Identifizieren;laundry_room;ikea_plug_01;unknown;
button.laundry_room_siemens_dryer_01_programm_stoppen;siemens_dryer_01 Programm stoppen;laundry_room;siemens_dryer_01;unknown;
button.living_room_esp32_display_01_wohnzimmer_display_01_restart;esp32_display_01 Wohnzimmer Display 01 Restart;living_room;esp32_display_01;unknown;
button.living_room_shelly_minig3_01_neu_starten;shelly_minig3_01 Neu starten;living_room;shelly_minig3_01;unavailable;
button.living_room_shelly_plusuni_01_neu_starten;shelly_plusuni_01 Neu starten;living_room;shelly_plusuni_01;unknown;
button.living_room_shelly_shsw25_01_neu_starten;shelly_shsw25_01 Neu starten;living_room;shelly_shsw25_01;unknown;
button.mat_de_fahrzeuge_aktualisieren;mat*** (DE) Fahrzeuge aktualisieren;virtual;mat*** (DE);unknown;
button.nous_plug_01_identify;nous_plug_01 Identifizieren;anna_room;nous_plug_01;unknown;
button.staircase_basement_anker_shellypro3em_01_details_aktualisieren;anker_shellypro3em_01 Details aktualisieren;staircase_basement;anker_shellypro3em_01;unknown;
button.staircase_basement_shelly_3empro_01_neu_starten;shelly_3empro_01 Neu starten;staircase_basement;shelly_3empro_01;unknown;
button.staircase_ground_floor_shelly_plusplug_01_neu_starten;shelly_plusplug_01 Neu starten;staircase_ground_floor;shelly_plusplug_01;unknown;
button.watermeter_flowstart;watermeter Manual Flow Start;;watermeter;unknown;
button.zigbee2mqtt_bridge_restart;Zigbee2MQTT Bridge Restart;;Zigbee2MQTT Bridge;unknown;
conversation.home_assistant;Home Assistant;;;unknown;
device_tracker.handy_claudia;handy-claudia;;handy-claudia;home;
device_tracker.handy_sven;Handy-Sven;;Handy-Sven;home;
event.backup_automatic_backup;Backup Automatisches Backup;;Backup;unknown;
event.bthome_sensor_f2ba_button;shelly_dw_04 Button;lea_room;shelly_dw_04;2026-07-12T15:01:54.623+00:00;
event.bthome_sensor_f3b0_button;shelly_dw_06 Button;anna_room;shelly_dw_06;2026-07-12T15:04:32.904+00:00;
event.bthome_sensor_fae8_button;shelly_dw_02 Button;toilet;shelly_dw_02;2026-07-12T14:59:18.216+00:00;
fan.bedroom_xiaomi_airfilter_01;xiaomi_airpurifier_01;bedroom;xiaomi_airpurifier_01;on;
image.lea_room_fyta_g1_01_benutzerbild;fyta_g1_01 Benutzerbild;lea_room;fyta_g1_01;unknown;
image.lea_room_fyta_g1_01_pflanzenbild;fyta_g1_01 Pflanzenbild;lea_room;fyta_g1_01;unknown;
image.lea_room_fyta_g1_03_benutzerbild;fyta_g1_03 Benutzerbild;lea_room;fyta_g1_03;unknown;
image.lea_room_fyta_g1_03_pflanzenbild;fyta_g1_03 Pflanzenbild;lea_room;fyta_g1_03;unknown;
image.living_room_fyta_g1_02_benutzerbild;fyta_g1_02 Benutzerbild;living_room;fyta_g1_02;unknown;
image.living_room_fyta_g1_02_pflanzenbild;fyta_g1_02 Pflanzenbild;living_room;fyta_g1_02;unknown;
input_boolean.trigger_forecast_update;Trigger Forecast Update;;;off;
notify.handy_claudia;handy-claudia;;handy-claudia;unknown;
notify.handy_sven;Handy-Sven;;Handy-Sven;unknown;
number.anker_solarbank_01_battery_capacity;anker_solarbank_01 Akku Kapazität;terrace;anker_solarbank_01;5376;Wh
number.nous_plug_01_countdown;nous_plug_01 Countdown;anna_room;nous_plug_01;0;s
number.sonoff_th_01_comfort_humidity_max;sonoff_th_01 Comfort humidity max;bedroom;sonoff_th_01;60;%
number.sonoff_th_01_comfort_humidity_min;sonoff_th_01 Comfort humidity min;bedroom;sonoff_th_01;40;%
number.sonoff_th_01_comfort_temperature_max;sonoff_th_01 Temperatur;bedroom;sonoff_th_01;27;°C
number.sonoff_th_01_comfort_temperature_min;sonoff_th_01 Temperatur;bedroom;sonoff_th_01;19;°C
number.sonoff_th_01_humidity_calibration;sonoff_th_01 Humidity calibration;bedroom;sonoff_th_01;0;%
number.sonoff_th_01_temperature_calibration;sonoff_th_01 Temperature calibration;bedroom;sonoff_th_01;0;°C
number.sonoff_th_02_humidity_calibration;sonoff_th_02 Humidity calibration;living_room;sonoff_th_02;0;%
number.sonoff_th_02_temperature_calibration;sonoff_th_02 Temperature calibration;living_room;sonoff_th_02;0;°C
number.sonoff_th_03_humidity_calibration;sonoff_th_03 Humidity calibration;garden_north;sonoff_th_03;0;%
number.sonoff_th_03_temperature_calibration;sonoff_th_03 Temperature calibration;garden_north;sonoff_th_03;0;°C
number.sonoff_th_04_comfort_humidity_max;sonoff_th_04 Comfort humidity max;storage_room;sonoff_th_04;60;%
number.sonoff_th_04_comfort_humidity_min;sonoff_th_04 Comfort humidity min;storage_room;sonoff_th_04;40;%
number.sonoff_th_04_comfort_temperature_max;sonoff_th_04 Temperatur;storage_room;sonoff_th_04;27;°C
number.sonoff_th_04_comfort_temperature_min;sonoff_th_04 Temperatur;storage_room;sonoff_th_04;19;°C
number.sonoff_th_04_humidity_calibration;sonoff_th_04 Humidity calibration;storage_room;sonoff_th_04;0;%
number.sonoff_th_04_temperature_calibration;sonoff_th_04 Temperature calibration;storage_room;sonoff_th_04;0;°C
number.sonoff_th_05_humidity_calibration;sonoff_th_05 Humidity calibration;terrace;sonoff_th_05;0;%
number.sonoff_th_05_temperature_calibration;sonoff_th_05 Temperature calibration;terrace;sonoff_th_05;0;°C
number.sonoff_th_06_comfort_humidity_max;sonoff_th_06 Comfort humidity max;lea_room;sonoff_th_06;60;%
number.sonoff_th_06_comfort_humidity_min;sonoff_th_06 Comfort humidity min;lea_room;sonoff_th_06;40;%
number.sonoff_th_06_comfort_temperature_max;sonoff_th_06 Temperatur;lea_room;sonoff_th_06;27;°C
number.sonoff_th_06_comfort_temperature_min;sonoff_th_06 Temperatur;lea_room;sonoff_th_06;19;°C
number.sonoff_th_06_humidity_calibration;sonoff_th_06 Humidity calibration;lea_room;sonoff_th_06;0;%
number.sonoff_th_06_temperature_calibration;sonoff_th_06 Temperature calibration;lea_room;sonoff_th_06;0;°C
number.sonoff_th_07_comfort_humidity_max;sonoff_th_07 Comfort humidity max;anna_room;sonoff_th_07;60;%
number.sonoff_th_07_comfort_humidity_min;sonoff_th_07 Comfort humidity min;anna_room;sonoff_th_07;40;%
number.sonoff_th_07_comfort_temperature_max;sonoff_th_07 Temperatur;anna_room;sonoff_th_07;27;°C
number.sonoff_th_07_comfort_temperature_min;sonoff_th_07 Temperatur;anna_room;sonoff_th_07;19;°C
number.sonoff_th_07_humidity_calibration;sonoff_th_07 Humidity calibration;anna_room;sonoff_th_07;0;%
number.sonoff_th_07_temperature_calibration;sonoff_th_07 Temperature calibration;anna_room;sonoff_th_07;0;°C
number.sonoff_th_08_humidity_calibration;sonoff_th_08 Humidity calibration;bathroom;sonoff_th_08;0;%
number.sonoff_th_08_temperature_calibration;sonoff_th_08 Temperature calibration;bathroom;sonoff_th_08;0;°C
number.terrace_anker_solix_dyn_preis_gebuhr;anker_solix Dyn. Preis Gebühr;virtual;anker_solix;0.17895;
number.terrace_anker_solix_dyn_preis_mwst;anker_solix Dyn. Preis MwSt;virtual;anker_solix;19;%
number.thirdreality_waterleak_01_water_leak_buzzer_alarm_mode;thirdreality_waterleak_01 Water leak buzzer alarm mode;laundry_room;thirdreality_waterleak_01;unknown;min
number.thirdreality_waterleak_02_water_leak_buzzer_alarm_mode;thirdreality_waterleak_02 Water leak buzzer alarm mode;living_room;thirdreality_waterleak_02;0;min
number.thirdreality_waterleak_03_water_leak_buzzer_alarm_mode;thirdreality_waterleak_03 Water leak buzzer alarm mode;toilet;thirdreality_waterleak_03;0;min
number.thirdreality_waterleak_04_water_leak_buzzer_alarm_mode;thirdreality_waterleak_04 Water leak buzzer alarm mode;kitchen;thirdreality_waterleak_04;0;min
number.thirdreality_waterleak_05_water_leak_buzzer_alarm_mode;thirdreality_waterleak_05 Water leak buzzer alarm mode;bathroom;thirdreality_waterleak_05;0;min
person.anna;anna;;;unknown;
person.claudia;claudia;;;home;
person.lea;lea;;;unknown;
person.sven;sven;;;home;
select.boiler_room_synology_ds225_01_lufterdrehzahl_modus;synology_ds225_01 Lüfterdrehzahl-Modus;boiler_room;synology_ds225_01;cool;
select.ikea_plug_01_power_on_behavior;ikea_plug_01 Power-on behavior;laundry_room;ikea_plug_01;previous;
select.laundry_room_siemens_dryer_01_aktives_programm;siemens_dryer_01 Aktives Programm;laundry_room;siemens_dryer_01;laundry_care_dryer_program_cotton;
select.laundry_room_siemens_dryer_01_ausgewahltes_programm;siemens_dryer_01 Ausgewähltes Programm;laundry_room;siemens_dryer_01;laundry_care_dryer_program_cotton;
select.nous_plug_01_indicator_mode;nous_plug_01 Indicator mode;anna_room;nous_plug_01;off/on;
select.nous_plug_01_power_outage_memory;nous_plug_01 Power outage memory;anna_room;nous_plug_01;restore;
select.nous_plug_01_switch_type_button;nous_plug_01 Switch type button;anna_room;nous_plug_01;release;
select.sonoff_plug_01_power_on_behavior;sonoff_plug_01 Power-on behavior;living_room;sonoff_plug_01;off;
select.sonoff_plug_02_power_on_behavior;sonoff_plug_02 Power-on behavior;bedroom;sonoff_plug_02;off;
select.sonoff_plug_03_power_on_behavior;sonoff_plug_03 Power-on behavior;lea_room;sonoff_plug_03;off;
select.sonoff_plug_04_power_on_behavior;sonoff_plug_04 Power-on behavior;storage_room;sonoff_plug_04;off;
select.sonoff_th_01_temperature_units;sonoff_th_01 Temperature units;bedroom;sonoff_th_01;celsius;
select.sonoff_th_04_temperature_units;sonoff_th_04 Temperature units;storage_room;sonoff_th_04;celsius;
select.sonoff_th_06_temperature_units;sonoff_th_06 Temperature units;lea_room;sonoff_th_06;celsius;
select.sonoff_th_07_temperature_units;sonoff_th_07 Temperature units;anna_room;sonoff_th_07;celsius;
select.terrace_anker_solix_preisanbieter;anker_solix Preisanbieter;virtual;anker_solix;unknown;
select.zigbee2mqtt_bridge_log_level;Zigbee2MQTT Bridge Log level;;Zigbee2MQTT Bridge;info;
sensor.0x0cae5ffffe873783_linkquality;Linkquality;boiler_room;tuya_repeater_01;not_loaded;
sensor.0x0ceff6fffe15b8bc_linkquality;Linkquality;anna_room;sonoff_th_07;not_loaded;
sensor.0x0ceff6fffe3b2dbd_linkquality;Linkquality;bedroom;sonoff_th_01;not_loaded;
sensor.0x282c02bfffeae2e4_linkquality;Linkquality;kitchen;thirdreality_waterleak_04;not_loaded;
sensor.0x282c02bfffeaf3d6_linkquality;Linkquality;laundry_room;thirdreality_waterleak_01;not_loaded;
sensor.0x282c02bfffeb8edb_linkquality;Linkquality;living_room;thirdreality_waterleak_02;not_loaded;
sensor.0x282c02bfffeb9455_linkquality;Linkquality;bathroom;thirdreality_waterleak_05;not_loaded;
sensor.0x282c02bfffee645a_linkquality;Linkquality;toilet;thirdreality_waterleak_03;not_loaded;
sensor.0x881a14fffeec47e2_linkquality;Linkquality;storage_room;sonoff_th_04;not_loaded;
sensor.0x881a14fffeec48d1_linkquality;Linkquality;lea_room;sonoff_th_06;not_loaded;
sensor.0x9035eafffe0974ad_linkquality;Linkquality;garden_north;sonoff_th_03;not_loaded;
sensor.0x9035eafffe0d88a2_linkquality;Linkquality;living_room;sonoff_th_02;not_loaded;
sensor.0xa4c138083ba3ffff_linkquality;Linkquality;living_room;sonoff_plug_01;not_loaded;
sensor.0xa4c138083dafffff_linkquality;Linkquality;lea_room;sonoff_plug_03;not_loaded;
sensor.0xa4c138087363ffff_linkquality;Linkquality;storage_room;sonoff_plug_04;not_loaded;
sensor.0xa4c13808abf4ffff_linkquality;Linkquality;bedroom;sonoff_plug_02;not_loaded;
sensor.0xa4c1386c82c38f90_linkquality;Linkquality;anna_room;nous_plug_01;not_loaded;
sensor.0xb48931fffe3d5ea7_linkquality;Linkquality;terrace;sonoff_th_05;not_loaded;
sensor.0xecf64cfffef26a00_linkquality;Linkquality;laundry_room;ikea_plug_01;not_loaded;
sensor.0xf044d3fffe0804ac_linkquality;Linkquality;bathroom;sonoff_th_08;not_loaded;
sensor.aktuelles_wetter;ePaper Weather Actual;;;"partlycloudy;21,2;70;1017,2;15,8";
sensor.anker_solarbank_01_ac_output_power;anker_solarbank_01 AC Hausabgabe;terrace;anker_solarbank_01;26;W
sensor.anker_solarbank_01_ac_socket_power;anker_solarbank_01 AC Steckdose;terrace;anker_solarbank_01;0;W
sensor.anker_solarbank_01_battery_energy;anker_solarbank_01 Akkuenergie;terrace;anker_solarbank_01;537;Wh
sensor.anker_solarbank_01_battery_level;anker_solarbank_01 Ladestand;terrace;anker_solarbank_01;10;%
sensor.anker_solarbank_01_battery_power;anker_solarbank_01 Akkuleistung;terrace;anker_solarbank_01;0;W
sensor.anker_solarbank_01_charge_power;anker_solarbank_01 Aufladeleistung;terrace;anker_solarbank_01;0;W
sensor.anker_solarbank_01_cloud_state;anker_solarbank_01 Cloud Zustand;terrace;anker_solarbank_01;online;
sensor.anker_solarbank_01_dc_output_power;anker_solarbank_01 DC Ausgangsleistung;terrace;anker_solarbank_01;26;W
sensor.anker_solarbank_01_discharge_power;anker_solarbank_01 Entladeleistung;terrace;anker_solarbank_01;0;W
sensor.anker_solarbank_01_error_code;anker_solarbank_01 Fehlercode;terrace;anker_solarbank_01;0;
sensor.anker_solarbank_01_expansion_batteries;anker_solarbank_01 Erweiterungsakkus;terrace;anker_solarbank_01;1;
sensor.anker_solarbank_01_grid_charge_power;anker_solarbank_01 Netzaufladung;terrace;anker_solarbank_01;0;W
sensor.anker_solarbank_01_heater_power;anker_solarbank_01 Heizleistung;terrace;anker_solarbank_01;0;W
sensor.anker_solarbank_01_operation_state;anker_solarbank_01 Betriebszustand;terrace;anker_solarbank_01;bypass;
sensor.anker_solarbank_01_output_preset;anker_solarbank_01 Einspeisevorgabe;terrace;anker_solarbank_01;0;W
sensor.anker_solarbank_01_solar_power;anker_solarbank_01 Solarleistung;terrace;anker_solarbank_01;26;W
sensor.anker_solarbank_01_solar_pv1;anker_solarbank_01 Solar PV1;terrace;anker_solarbank_01;8;W
sensor.anker_solarbank_01_solar_pv2;anker_solarbank_01 Solar PV2;terrace;anker_solarbank_01;7;W
sensor.anker_solarbank_01_solar_pv3;anker_solarbank_01 Solar PV3;terrace;anker_solarbank_01;6;W
sensor.anker_solarbank_01_solar_pv4;anker_solarbank_01 Solar PV4;terrace;anker_solarbank_01;5;W
sensor.anker_solix_home_demand;anker_solix Hausbedarf;virtual;anker_solix;439;W
sensor.anker_solix_sb_battery_level;anker_solix SB Ladestand;virtual;anker_solix;10.0;%
sensor.anker_solix_sb_battery_power;anker_solix SB Akkuleistung;virtual;anker_solix;0;W
sensor.anker_solix_sb_output_power;anker_solix SB Einspeiseleistung;virtual;anker_solix;26.00;W
sensor.anker_solix_sb_solar_power;anker_solix SB Solarleistung;virtual;anker_solix;26;W
sensor.anker_solix_solar_energy_total;anker_solix Ertrag gesamt;virtual;anker_solix;971.10;kWh
sensor.anna_room_humidity;sonoff_th_07 Luftfeuchtigkeit;anna_room;sonoff_th_07;49.3;%
sensor.anna_room_temperature;sonoff_th_07 Temperatur;anna_room;sonoff_th_07;26.3;°C
sensor.backup_backup_manager_state;Backup Backup-Manager-Zustand;;Backup;idle;
sensor.backup_last_attempted_automatic_backup;Backup Letztes versuchtes automatisches Backup;;Backup;unknown;
sensor.backup_last_successful_automatic_backup;Backup Letztes erfolgreiches automatisches Backup;;Backup;unknown;
sensor.backup_next_scheduled_automatic_backup;Backup Nächstes geplantes automatisches Backup;;Backup;unknown;
sensor.bathroom_humidity;sonoff_th_08 Luftfeuchtigkeit;bathroom;sonoff_th_08;46.8;%
sensor.bathroom_temperature;sonoff_th_08 Temperatur;bathroom;sonoff_th_08;28;°C
sensor.bathroom_window_north_tilt_angle;shelly_dw_03 Drehung;bathroom;shelly_dw_03;0.0;°
sensor.bedroom_absolute_humidity;Bedroom Absolute Humidity;;;11.99;g/m³
sensor.bedroom_dew_point;Bedroom Dew Point;;;14.5;°C
sensor.bedroom_humidity;sonoff_th_01 Luftfeuchtigkeit;bedroom;sonoff_th_01;52.5;%
sensor.bedroom_temperature;sonoff_th_01 Temperatur;bedroom;sonoff_th_01;24.9;°C
sensor.bedroom_wall_surface_humidity;Bedroom Wall Surface Humidity;;;54.7;%
sensor.bedroom_wall_surface_humidity_24h;bedroom_wall_surface_humidity_24h;;;51.49;%
sensor.bedroom_wall_temperature;Bedroom Wall Temperature;;;24.2;°C
sensor.bedroom_window_north_tilt_angle;shelly_dw_01 Drehung;bedroom;shelly_dw_01;0.0;°
sensor.bedroom_xiaomi_airfilter_01_filter_nutzungsdauer;xiaomi_airpurifier_01 Filter-Nutzungsdauer;bedroom;xiaomi_airpurifier_01;61;h
sensor.bedroom_xiaomi_airfilter_01_filter_restkapazitat;xiaomi_airpurifier_01 Filter-Restkapazität;bedroom;xiaomi_airpurifier_01;78;%
sensor.bedroom_xiaomi_airfilter_01_filter_restlebensdauer;xiaomi_airpurifier_01 Filter-Restlebensdauer;bedroom;xiaomi_airpurifier_01;230;d
sensor.bedroom_xiaomi_airfilter_01_luftfeuchtigkeit;xiaomi_airpurifier_01 Luftfeuchtigkeit;bedroom;xiaomi_airpurifier_01;56;%
sensor.bedroom_xiaomi_airfilter_01_motordrehzahl;xiaomi_airpurifier_01 Motordrehzahl;bedroom;xiaomi_airpurifier_01;432;rpm
sensor.bedroom_xiaomi_airfilter_01_pm25;xiaomi_airpurifier_01 PM2,5;bedroom;xiaomi_airpurifier_01;3;μg/m³
sensor.bedroom_xiaomi_airfilter_01_temperatur;xiaomi_airpurifier_01 Temperatur;bedroom;xiaomi_airpurifier_01;22;°C
sensor.boiler_room_synology_ds225_01_cpu_auslastung_benutzer;synology_ds225_01 CPU-Auslastung (Benutzer);boiler_room;synology_ds225_01;0;%
sensor.boiler_room_synology_ds225_01_cpu_auslastung_gesamt;synology_ds225_01 CPU-Auslastung (gesamt);boiler_room;synology_ds225_01;2;%
sensor.boiler_room_synology_ds225_01_download_durchsatz;synology_ds225_01 Download-Durchsatz;boiler_room;synology_ds225_01;0.846;kB/s
sensor.boiler_room_synology_ds225_01_drive1_status;synology_ds225_01_drive1 Status;boiler_room;synology_ds225_01_drive1;normal;
sensor.boiler_room_synology_ds225_01_drive1_temperatur;synology_ds225_01_drive1 Temperatur;boiler_room;synology_ds225_01_drive1;39;°C
sensor.boiler_room_synology_ds225_01_drive2_status;synology_ds225_01_drive2 Status;boiler_room;synology_ds225_01_drive2;normal;
sensor.boiler_room_synology_ds225_01_drive2_temperatur;synology_ds225_01_drive2 Temperatur;boiler_room;synology_ds225_01_drive2;41;°C
sensor.boiler_room_synology_ds225_01_durchschnittliche_cpu_last_15_min;synology_ds225_01 Durchschnittliche CPU-Last (15 min);boiler_room;synology_ds225_01;1.19;load
sensor.boiler_room_synology_ds225_01_durchschnittliche_cpu_last_5_min;synology_ds225_01 Durchschnittliche CPU-Last (5 min);boiler_room;synology_ds225_01;1.27;load
sensor.boiler_room_synology_ds225_01_speicher_gesamt_real;synology_ds225_01 Speicher gesamt (real);boiler_room;synology_ds225_01;10181.95968;MB
sensor.boiler_room_synology_ds225_01_speicher_gesamt_swap;synology_ds225_01 Speicher gesamt (Swap);boiler_room;synology_ds225_01;2147.414016;MB
sensor.boiler_room_synology_ds225_01_speicher_verfugbar_real;synology_ds225_01 Speicher verfügbar (real);boiler_room;synology_ds225_01;852.586496;MB
sensor.boiler_room_synology_ds225_01_speicher_verfugbar_swap;synology_ds225_01 Speicher verfügbar (Swap);boiler_room;synology_ds225_01;540.778496;MB
sensor.boiler_room_synology_ds225_01_speichernutzung_real;synology_ds225_01 Speichernutzung (real);boiler_room;synology_ds225_01;15;%
sensor.boiler_room_synology_ds225_01_temperatur;synology_ds225_01 Temperatur;boiler_room;synology_ds225_01;45;°C
sensor.boiler_room_synology_ds225_01_upload_durchsatz;synology_ds225_01 Upload-Durchsatz;boiler_room;synology_ds225_01;0.884;kB/s
sensor.boiler_room_synology_ds225_01_volume1_belegter_speicherplatz;synology_ds225_01_volume1 Belegter Speicherplatz;boiler_room;synology_ds225_01_volume1;5.266590507008;TB
sensor.boiler_room_synology_ds225_01_volume1_durchschnittliche_festplattentemperatur;synology_ds225_01_volume1 Durchschnittliche Festplattentemperatur;boiler_room;synology_ds225_01_volume1;40.0;°C
sensor.boiler_room_synology_ds225_01_volume1_status;synology_ds225_01_volume1 Status;boiler_room;synology_ds225_01_volume1;has_acceptable_disk;
sensor.boiler_room_synology_ds225_01_volume1_volume_nutzung;synology_ds225_01_volume1 Volume-Nutzung;boiler_room;synology_ds225_01_volume1;54.9;%
sensor.bthome_sensor_3e90_packet_id;Paket-ID;bedroom;shelly_dw_01;not_loaded;
sensor.bthome_sensor_3e90_signal_strength;Signalstärke;bedroom;shelly_dw_01;not_loaded;
sensor.bthome_sensor_a510_packet_id;Paket-ID;bathroom;shelly_dw_03;not_loaded;
sensor.bthome_sensor_a510_signal_strength;Signalstärke;bathroom;shelly_dw_03;not_loaded;
sensor.bthome_sensor_aeac_beleuchtungsstarke;shelly_dw_05 Beleuchtungsstärke;anna_room;shelly_dw_05;23.0;lx
sensor.bthome_sensor_aeac_drehung;shelly_dw_05 Drehung;anna_room;shelly_dw_05;0.0;°
sensor.bthome_sensor_aeac_packet_id;Paket-ID;anna_room;shelly_dw_05;not_loaded;
sensor.bthome_sensor_aeac_signal_strength;Signalstärke;anna_room;shelly_dw_05;not_loaded;
sensor.bthome_sensor_f2ba_beleuchtungsstarke;shelly_dw_04 Beleuchtungsstärke;lea_room;shelly_dw_04;21.0;lx
sensor.bthome_sensor_f2ba_drehung;shelly_dw_04 Drehung;lea_room;shelly_dw_04;0.0;°
sensor.bthome_sensor_f2ba_packet_id;Paket-ID;lea_room;shelly_dw_04;not_loaded;
sensor.bthome_sensor_f2ba_signal_strength;Signalstärke;lea_room;shelly_dw_04;not_loaded;
sensor.bthome_sensor_f3b0_beleuchtungsstarke;shelly_dw_06 Beleuchtungsstärke;anna_room;shelly_dw_06;54.0;lx
sensor.bthome_sensor_f3b0_packet_id;Paket-ID;anna_room;shelly_dw_06;not_loaded;
sensor.bthome_sensor_f3b0_signal_strength;Signalstärke;anna_room;shelly_dw_06;not_loaded;
sensor.bthome_sensor_fae8_beleuchtungsstarke;shelly_dw_02 Beleuchtungsstärke;toilet;shelly_dw_02;11.0;lx
sensor.bthome_sensor_fae8_drehung;shelly_dw_02 Drehung;toilet;shelly_dw_02;0.0;°
sensor.bthome_sensor_fae8_packet_id;Paket-ID;toilet;shelly_dw_02;not_loaded;
sensor.bthome_sensor_fae8_signal_strength;Signalstärke;toilet;shelly_dw_02;not_loaded;
sensor.epaper_humidity_delta;ePaper Humidity Delta;;;0.6;g/m³
sensor.epaper_humidity_inside;ePaper Humidity Inside;;;49.4;
sensor.epaper_humidity_outside;ePaper Humidity Outside;;;62;
sensor.epaper_mold_alert;ePaper Mold Alert;;;OK;
sensor.epaper_sunrise;ePaper Sunrise;;;04:47;
sensor.epaper_sunset;ePaper Sunset;;;22:17;
sensor.epaper_temperature_inside;ePaper Temperature Inside;;;25,2;
sensor.epaper_temperature_outside_2;ePaper Temperature Outside;;;20,3;
sensor.epaper_ventilation_advice;ePaper Ventilation Advice;;;living_room,bedroom,storage_room;
sensor.epaper_weather_forecast;ePaper Weather Forecast;;;"Tue;partlycloudy;30,9;21,2;Wed;partlycloudy;28,9;18,3;Thu;sunny;30,5;17,4;Fri;partlycloudy;27,8;19,7;Sat;sunny;24,7;18,2";
sensor.esp32_walltemp_01_temperature;esp32_walltemp_01 Wand Temperatur Sensor;living_room;esp32_walltemp_01;23.75;°C
sensor.esphome_device_builder_arbeitsspeicher_in_prozent;Arbeitsspeicher in Prozent;;ESPHome Device Builder;not_loaded;
sensor.esphome_device_builder_cpu_prozent;CPU Prozent;;ESPHome Device Builder;not_loaded;
sensor.esphome_device_builder_neueste_version;Neueste Version;;ESPHome Device Builder;not_loaded;
sensor.esphome_device_builder_version;Version;;ESPHome Device Builder;not_loaded;
sensor.forecast_next_days;Forecast next days;;;partlycloudy;
sensor.garden_north_humidity;sonoff_th_03 Luftfeuchtigkeit;garden_north;sonoff_th_03;66;%
sensor.garden_north_temperature;sonoff_th_03 Temperatur;garden_north;sonoff_th_03;20.3;°C
sensor.handy_claudia_accent_color;Accent color;;handy-claudia;not_loaded;
sensor.handy_claudia_active_calories_burned;Active calories burned;;handy-claudia;not_loaded;
sensor.handy_claudia_app_importance;App importance;;handy-claudia;not_loaded;
sensor.handy_claudia_app_memory;App memory;;handy-claudia;not_loaded;
sensor.handy_claudia_app_rx_gb;App Rx GB;;handy-claudia;not_loaded;
sensor.handy_claudia_app_standby_bucket;App standby bucket;;handy-claudia;not_loaded;
sensor.handy_claudia_app_tx_gb;App Tx GB;;handy-claudia;not_loaded;
sensor.handy_claudia_audio_mode;Audio mode;;handy-claudia;not_loaded;
sensor.handy_claudia_basal_body_temperature;Basal body temperature;;handy-claudia;not_loaded;
sensor.handy_claudia_basal_metabolic_rate;Basal metabolic rate;;handy-claudia;not_loaded;
sensor.handy_claudia_battery_cycle_count;Battery cycle count;;handy-claudia;not_loaded;
sensor.handy_claudia_battery_health;Battery health;;handy-claudia;not_loaded;
sensor.handy_claudia_battery_level;handy-claudia Battery level;;handy-claudia;100;%
sensor.handy_claudia_battery_power;Battery power;;handy-claudia;not_loaded;
sensor.handy_claudia_battery_state;handy-claudia Battery state;;handy-claudia;discharging;
sensor.handy_claudia_battery_temperature;Battery temperature;;handy-claudia;not_loaded;
sensor.handy_claudia_beacon_monitor;Beacon monitor;;handy-claudia;not_loaded;
sensor.handy_claudia_ble_transmitter;BLE transmitter;;handy-claudia;not_loaded;
sensor.handy_claudia_blood_glucose;Blood glucose;;handy-claudia;not_loaded;
sensor.handy_claudia_bluetooth_connection;Bluetooth connection;;handy-claudia;not_loaded;
sensor.handy_claudia_body_fat;Body fat;;handy-claudia;not_loaded;
sensor.handy_claudia_body_temperature;Body temperature;;handy-claudia;not_loaded;
sensor.handy_claudia_body_water_mass;Body water mass;;handy-claudia;not_loaded;
sensor.handy_claudia_bone_mass;Bone mass;;handy-claudia;not_loaded;
sensor.handy_claudia_car_battery;Car battery;;handy-claudia;not_loaded;
sensor.handy_claudia_car_charging_status;Car charging status;;handy-claudia;not_loaded;
sensor.handy_claudia_car_ev_connector_type;Car EV connector type;;handy-claudia;not_loaded;
sensor.handy_claudia_car_fuel;Car fuel;;handy-claudia;not_loaded;
sensor.handy_claudia_car_fuel_type;Car fuel type;;handy-claudia;not_loaded;
sensor.handy_claudia_car_name;Car name;;handy-claudia;not_loaded;
sensor.handy_claudia_car_odometer;Car odometer;;handy-claudia;not_loaded;
sensor.handy_claudia_car_range_remaining;Car range remaining;;handy-claudia;not_loaded;
sensor.handy_claudia_car_speed;Car speed;;handy-claudia;not_loaded;
sensor.handy_claudia_charger_type;handy-claudia Charger type;;handy-claudia;none;
sensor.handy_claudia_current_time_zone;Current time zone;;handy-claudia;not_loaded;
sensor.handy_claudia_current_version;Current version;;handy-claudia;not_loaded;
sensor.handy_claudia_daily_distance;Daily distance;;handy-claudia;not_loaded;
sensor.handy_claudia_daily_elevation_gained;Daily elevation gained;;handy-claudia;not_loaded;
sensor.handy_claudia_daily_floors;Daily floors;;handy-claudia;not_loaded;
sensor.handy_claudia_daily_hydration;Daily hydration;;handy-claudia;not_loaded;
sensor.handy_claudia_daily_steps;Daily steps;;handy-claudia;not_loaded;
sensor.handy_claudia_data_network_type_sim_1;Data network type (SIM 1);;handy-claudia;not_loaded;
sensor.handy_claudia_data_network_type_sim_2;Data network type (SIM 2);;handy-claudia;not_loaded;
sensor.handy_claudia_detected_activity;Detected activity;;handy-claudia;not_loaded;
sensor.handy_claudia_diastolic_blood_pressure;Diastolic blood pressure;;handy-claudia;not_loaded;
sensor.handy_claudia_do_not_disturb_sensor;Do Not Disturb sensor;;handy-claudia;not_loaded;
sensor.handy_claudia_external_storage;External storage;;handy-claudia;not_loaded;
sensor.handy_claudia_geocoded_location;Geocoded location;;handy-claudia;not_loaded;
sensor.handy_claudia_heart_rate;Heart rate;;handy-claudia;not_loaded;
sensor.handy_claudia_heart_rate_variability;Heart rate variability;;handy-claudia;not_loaded;
sensor.handy_claudia_height;Height;;handy-claudia;not_loaded;
sensor.handy_claudia_internal_storage;Internal storage;;handy-claudia;not_loaded;
sensor.handy_claudia_ipv6_addresses;IPv6 addresses;;handy-claudia;not_loaded;
sensor.handy_claudia_last_reboot;Last reboot;;handy-claudia;not_loaded;
sensor.handy_claudia_last_used_app;Last used app;;handy-claudia;not_loaded;
sensor.handy_claudia_lean_body_mass;Lean body mass;;handy-claudia;not_loaded;
sensor.handy_claudia_light_sensor;Light sensor;;handy-claudia;not_loaded;
sensor.handy_claudia_media_session;Media session;;handy-claudia;not_loaded;
sensor.handy_claudia_mobile_rx_gb;Mobile Rx GB;;handy-claudia;not_loaded;
sensor.handy_claudia_mobile_tx_gb;Mobile Tx GB;;handy-claudia;not_loaded;
sensor.handy_claudia_network_type;Network type;;handy-claudia;not_loaded;
sensor.handy_claudia_next_alarm;Next alarm;;handy-claudia;not_loaded;
sensor.handy_claudia_os_version;OS version;;handy-claudia;not_loaded;
sensor.handy_claudia_oxygen_saturation;Oxygen saturation;;handy-claudia;not_loaded;
sensor.handy_claudia_phone_state;Phone state;;handy-claudia;not_loaded;
sensor.handy_claudia_proximity_sensor;Proximity sensor;;handy-claudia;not_loaded;
sensor.handy_claudia_public_ip_address;Public IP address;;handy-claudia;not_loaded;
sensor.handy_claudia_remaining_charge_time;Remaining charge time;;handy-claudia;not_loaded;
sensor.handy_claudia_respiratory_rate;Respiratory rate;;handy-claudia;not_loaded;
sensor.handy_claudia_resting_heart_rate;Resting heart rate;;handy-claudia;not_loaded;
sensor.handy_claudia_ringer_mode;Ringer mode;;handy-claudia;not_loaded;
sensor.handy_claudia_screen_brightness;Screen brightness;;handy-claudia;not_loaded;
sensor.handy_claudia_screen_off_timeout;Screen off timeout;;handy-claudia;not_loaded;
sensor.handy_claudia_screen_orientation;Screen orientation;;handy-claudia;not_loaded;
sensor.handy_claudia_screen_rotation;Screen rotation;;handy-claudia;not_loaded;
sensor.handy_claudia_security_patch;Security patch;;handy-claudia;not_loaded;
sensor.handy_claudia_signal_strength_sim_1;Signal strength (SIM 1);;handy-claudia;not_loaded;
sensor.handy_claudia_signal_strength_sim_2;Signal strength (SIM 2);;handy-claudia;not_loaded;
sensor.handy_claudia_sim_1;SIM 1;;handy-claudia;not_loaded;
sensor.handy_claudia_sim_2;SIM 2;;handy-claudia;not_loaded;
sensor.handy_claudia_sleep_confidence;Sleep confidence;;handy-claudia;not_loaded;
sensor.handy_claudia_sleep_duration;Sleep duration;;handy-claudia;not_loaded;
sensor.handy_claudia_sleep_segment;Sleep segment;;handy-claudia;not_loaded;
sensor.handy_claudia_steps_sensor;Steps sensor;;handy-claudia;not_loaded;
sensor.handy_claudia_systolic_blood_pressure;Systolic blood pressure;;handy-claudia;not_loaded;
sensor.handy_claudia_total_calories_burned;Total calories burned;;handy-claudia;not_loaded;
sensor.handy_claudia_total_rx_gb;Total Rx GB;;handy-claudia;not_loaded;
sensor.handy_claudia_total_tx_gb;Total Tx GB;;handy-claudia;not_loaded;
sensor.handy_claudia_vo2_max;VO2 max;;handy-claudia;not_loaded;
sensor.handy_claudia_volume_level_accessibility;Volume level accessibility;;handy-claudia;not_loaded;
sensor.handy_claudia_volume_level_alarm;Volume level alarm;;handy-claudia;not_loaded;
sensor.handy_claudia_volume_level_call;Volume level call;;handy-claudia;not_loaded;
sensor.handy_claudia_volume_level_dtmf;Volume level DTMF;;handy-claudia;not_loaded;
sensor.handy_claudia_volume_level_music;Volume level music;;handy-claudia;not_loaded;
sensor.handy_claudia_volume_level_notification;Volume level notification;;handy-claudia;not_loaded;
sensor.handy_claudia_volume_level_ringer;Volume level ringer;;handy-claudia;not_loaded;
sensor.handy_claudia_volume_level_system;Volume level system;;handy-claudia;not_loaded;
sensor.handy_claudia_weight;Weight;;handy-claudia;not_loaded;
sensor.handy_claudia_wi_fi_bssid;Wi-Fi BSSID;;handy-claudia;not_loaded;
sensor.handy_claudia_wi_fi_connection;Wi-Fi connection;;handy-claudia;not_loaded;
sensor.handy_claudia_wi_fi_frequency;Wi-Fi frequency;;handy-claudia;not_loaded;
sensor.handy_claudia_wi_fi_ip_address;Wi-Fi IP address;;handy-claudia;not_loaded;
sensor.handy_claudia_wi_fi_link_speed;Wi-Fi link speed;;handy-claudia;not_loaded;
sensor.handy_claudia_wi_fi_signal_strength;Wi-Fi signal strength;;handy-claudia;not_loaded;
sensor.handy_sven_accent_color;Accent color;;Handy-Sven;not_loaded;
sensor.handy_sven_active_calories_burned;Active calories burned;;Handy-Sven;not_loaded;
sensor.handy_sven_app_importance;App importance;;Handy-Sven;not_loaded;
sensor.handy_sven_app_memory;App memory;;Handy-Sven;not_loaded;
sensor.handy_sven_app_rx_gb;App Rx GB;;Handy-Sven;not_loaded;
sensor.handy_sven_app_standby_bucket;App standby bucket;;Handy-Sven;not_loaded;
sensor.handy_sven_app_tx_gb;App Tx GB;;Handy-Sven;not_loaded;
sensor.handy_sven_audio_mode;Audio mode;;Handy-Sven;not_loaded;
sensor.handy_sven_basal_body_temperature;Basal body temperature;;Handy-Sven;not_loaded;
sensor.handy_sven_basal_metabolic_rate;Basal metabolic rate;;Handy-Sven;not_loaded;
sensor.handy_sven_battery_cycle_count;Battery cycle count;;Handy-Sven;not_loaded;
sensor.handy_sven_battery_health;Battery health;;Handy-Sven;not_loaded;
sensor.handy_sven_battery_level;Handy-Sven Battery level;;Handy-Sven;100;%
sensor.handy_sven_battery_power;Battery power;;Handy-Sven;not_loaded;
sensor.handy_sven_battery_state;Handy-Sven Battery state;;Handy-Sven;discharging;
sensor.handy_sven_battery_temperature;Battery temperature;;Handy-Sven;not_loaded;
sensor.handy_sven_beacon_monitor;Beacon monitor;;Handy-Sven;not_loaded;
sensor.handy_sven_ble_transmitter;BLE transmitter;;Handy-Sven;not_loaded;
sensor.handy_sven_blood_glucose;Blood glucose;;Handy-Sven;not_loaded;
sensor.handy_sven_bluetooth_connection;Bluetooth connection;;Handy-Sven;not_loaded;
sensor.handy_sven_body_fat;Body fat;;Handy-Sven;not_loaded;
sensor.handy_sven_body_temperature;Body temperature;;Handy-Sven;not_loaded;
sensor.handy_sven_body_water_mass;Body water mass;;Handy-Sven;not_loaded;
sensor.handy_sven_bone_mass;Bone mass;;Handy-Sven;not_loaded;
sensor.handy_sven_car_battery;Car battery;;Handy-Sven;not_loaded;
sensor.handy_sven_car_charging_status;Car charging status;;Handy-Sven;not_loaded;
sensor.handy_sven_car_ev_connector_type;Car EV connector type;;Handy-Sven;not_loaded;
sensor.handy_sven_car_fuel;Car fuel;;Handy-Sven;not_loaded;
sensor.handy_sven_car_fuel_type;Car fuel type;;Handy-Sven;not_loaded;
sensor.handy_sven_car_name;Car name;;Handy-Sven;not_loaded;
sensor.handy_sven_car_odometer;Car odometer;;Handy-Sven;not_loaded;
sensor.handy_sven_car_range_remaining;Car range remaining;;Handy-Sven;not_loaded;
sensor.handy_sven_car_speed;Car speed;;Handy-Sven;not_loaded;
sensor.handy_sven_charger_type;Handy-Sven Charger type;;Handy-Sven;none;
sensor.handy_sven_current_time_zone;Current time zone;;Handy-Sven;not_loaded;
sensor.handy_sven_current_version;Current version;;Handy-Sven;not_loaded;
sensor.handy_sven_daily_distance;Daily distance;;Handy-Sven;not_loaded;
sensor.handy_sven_daily_elevation_gained;Daily elevation gained;;Handy-Sven;not_loaded;
sensor.handy_sven_daily_floors;Daily floors;;Handy-Sven;not_loaded;
sensor.handy_sven_daily_hydration;Daily hydration;;Handy-Sven;not_loaded;
sensor.handy_sven_daily_steps;Daily steps;;Handy-Sven;not_loaded;
sensor.handy_sven_data_network_type_sim_1;Data network type (SIM 1);;Handy-Sven;not_loaded;
sensor.handy_sven_data_network_type_sim_2;Data network type (SIM 2);;Handy-Sven;not_loaded;
sensor.handy_sven_detected_activity;Detected activity;;Handy-Sven;not_loaded;
sensor.handy_sven_diastolic_blood_pressure;Diastolic blood pressure;;Handy-Sven;not_loaded;
sensor.handy_sven_do_not_disturb_sensor;Do Not Disturb sensor;;Handy-Sven;not_loaded;
sensor.handy_sven_external_storage;External storage;;Handy-Sven;not_loaded;
sensor.handy_sven_geocoded_location;Geocoded location;;Handy-Sven;not_loaded;
sensor.handy_sven_heart_rate;Heart rate;;Handy-Sven;not_loaded;
sensor.handy_sven_heart_rate_variability;Heart rate variability;;Handy-Sven;not_loaded;
sensor.handy_sven_height;Height;;Handy-Sven;not_loaded;
sensor.handy_sven_internal_storage;Internal storage;;Handy-Sven;not_loaded;
sensor.handy_sven_ipv6_addresses;IPv6 addresses;;Handy-Sven;not_loaded;
sensor.handy_sven_last_reboot;Last reboot;;Handy-Sven;not_loaded;
sensor.handy_sven_last_used_app;Last used app;;Handy-Sven;not_loaded;
sensor.handy_sven_lean_body_mass;Lean body mass;;Handy-Sven;not_loaded;
sensor.handy_sven_light_sensor;Light sensor;;Handy-Sven;not_loaded;
sensor.handy_sven_media_session;Media session;;Handy-Sven;not_loaded;
sensor.handy_sven_mobile_rx_gb;Mobile Rx GB;;Handy-Sven;not_loaded;
sensor.handy_sven_mobile_tx_gb;Mobile Tx GB;;Handy-Sven;not_loaded;
sensor.handy_sven_network_type;Network type;;Handy-Sven;not_loaded;
sensor.handy_sven_next_alarm;Next alarm;;Handy-Sven;not_loaded;
sensor.handy_sven_os_version;OS version;;Handy-Sven;not_loaded;
sensor.handy_sven_oxygen_saturation;Oxygen saturation;;Handy-Sven;not_loaded;
sensor.handy_sven_phone_state;Phone state;;Handy-Sven;not_loaded;
sensor.handy_sven_pressure_sensor;Pressure sensor;;Handy-Sven;not_loaded;
sensor.handy_sven_proximity_sensor;Proximity sensor;;Handy-Sven;not_loaded;
sensor.handy_sven_public_ip_address;Public IP address;;Handy-Sven;not_loaded;
sensor.handy_sven_remaining_charge_time;Remaining charge time;;Handy-Sven;not_loaded;
sensor.handy_sven_respiratory_rate;Respiratory rate;;Handy-Sven;not_loaded;
sensor.handy_sven_resting_heart_rate;Resting heart rate;;Handy-Sven;not_loaded;
sensor.handy_sven_ringer_mode;Ringer mode;;Handy-Sven;not_loaded;
sensor.handy_sven_screen_brightness;Screen brightness;;Handy-Sven;not_loaded;
sensor.handy_sven_screen_off_timeout;Screen off timeout;;Handy-Sven;not_loaded;
sensor.handy_sven_screen_orientation;Screen orientation;;Handy-Sven;not_loaded;
sensor.handy_sven_screen_rotation;Screen rotation;;Handy-Sven;not_loaded;
sensor.handy_sven_security_patch;Security patch;;Handy-Sven;not_loaded;
sensor.handy_sven_signal_strength_sim_1;Signal strength (SIM 1);;Handy-Sven;not_loaded;
sensor.handy_sven_signal_strength_sim_2;Signal strength (SIM 2);;Handy-Sven;not_loaded;
sensor.handy_sven_sim_1;SIM 1;;Handy-Sven;not_loaded;
sensor.handy_sven_sim_2;SIM 2;;Handy-Sven;not_loaded;
sensor.handy_sven_sleep_confidence;Sleep confidence;;Handy-Sven;not_loaded;
sensor.handy_sven_sleep_duration;Sleep duration;;Handy-Sven;not_loaded;
sensor.handy_sven_sleep_segment;Sleep segment;;Handy-Sven;not_loaded;
sensor.handy_sven_steps_sensor;Steps sensor;;Handy-Sven;not_loaded;
sensor.handy_sven_systolic_blood_pressure;Systolic blood pressure;;Handy-Sven;not_loaded;
sensor.handy_sven_total_calories_burned;Total calories burned;;Handy-Sven;not_loaded;
sensor.handy_sven_total_rx_gb;Total Rx GB;;Handy-Sven;not_loaded;
sensor.handy_sven_total_tx_gb;Total Tx GB;;Handy-Sven;not_loaded;
sensor.handy_sven_vo2_max;VO2 max;;Handy-Sven;not_loaded;
sensor.handy_sven_volume_level_accessibility;Volume level accessibility;;Handy-Sven;not_loaded;
sensor.handy_sven_volume_level_alarm;Volume level alarm;;Handy-Sven;not_loaded;
sensor.handy_sven_volume_level_call;Volume level call;;Handy-Sven;not_loaded;
sensor.handy_sven_volume_level_dtmf;Volume level DTMF;;Handy-Sven;not_loaded;
sensor.handy_sven_volume_level_music;Volume level music;;Handy-Sven;not_loaded;
sensor.handy_sven_volume_level_notification;Volume level notification;;Handy-Sven;not_loaded;
sensor.handy_sven_volume_level_ringer;Volume level ringer;;Handy-Sven;not_loaded;
sensor.handy_sven_volume_level_system;Volume level system;;Handy-Sven;not_loaded;
sensor.handy_sven_weight;Weight;;Handy-Sven;not_loaded;
sensor.handy_sven_wi_fi_bssid;Wi-Fi BSSID;;Handy-Sven;not_loaded;
sensor.handy_sven_wi_fi_connection;Wi-Fi connection;;Handy-Sven;not_loaded;
sensor.handy_sven_wi_fi_frequency;Wi-Fi frequency;;Handy-Sven;not_loaded;
sensor.handy_sven_wi_fi_ip_address;Wi-Fi IP address;;Handy-Sven;not_loaded;
sensor.handy_sven_wi_fi_link_speed;Wi-Fi link speed;;Handy-Sven;not_loaded;
sensor.handy_sven_wi_fi_signal_strength;Wi-Fi signal strength;;Handy-Sven;not_loaded;
sensor.home_assistant_core_cpu_percent;CPU Prozent;;Home Assistant Core;not_loaded;
sensor.home_assistant_core_memory_percent;Arbeitsspeicher in Prozent;;Home Assistant Core;not_loaded;
sensor.home_assistant_host_apparmor_version;AppArmor-Version;;Home Assistant Host;not_loaded;
sensor.home_assistant_host_disk_free;Speicherplatz frei;;Home Assistant Host;not_loaded;
sensor.home_assistant_host_disk_total;Speicherplatz gesamt;;Home Assistant Host;not_loaded;
sensor.home_assistant_host_disk_used;Speicherplatz genutzt;;Home Assistant Host;not_loaded;
sensor.home_assistant_host_os_agent_version;OS Agent Version;;Home Assistant Host;not_loaded;
sensor.home_assistant_operating_system_newest_version;Neueste Version;;Home Assistant Operating System;not_loaded;
sensor.home_assistant_operating_system_version;Version;;Home Assistant Operating System;not_loaded;
sensor.home_assistant_supervisor_cpu_percent;CPU Prozent;;Home Assistant Supervisor;not_loaded;
sensor.home_assistant_supervisor_memory_percent;Arbeitsspeicher in Prozent;;Home Assistant Supervisor;not_loaded;
sensor.ikea_plug_01_current;ikea_plug_01 Stromstärke;laundry_room;ikea_plug_01;0.04;A
sensor.ikea_plug_01_energy;ikea_plug_01 Energie;laundry_room;ikea_plug_01;3;kWh
sensor.ikea_plug_01_power;ikea_plug_01 Leistung;laundry_room;ikea_plug_01;4.8;W
sensor.ikea_plug_01_voltage;ikea_plug_01 Spannung;laundry_room;ikea_plug_01;243.1;V
sensor.laundry_room_dryer_door;siemens_dryer_01 Tür;laundry_room;siemens_dryer_01;closed;
sensor.laundry_room_dryer_operation_state;siemens_dryer_01 Betriebszustand;laundry_room;siemens_dryer_01;finished;
sensor.laundry_room_dryer_program_end_time;siemens_dryer_01 Programm-Endzeit;laundry_room;siemens_dryer_01;2026-07-13T23:07:16+00:00;
sensor.laundry_room_dryer_program_progress;siemens_dryer_01 Programm-Fortschritt;laundry_room;siemens_dryer_01;0;%
sensor.lea_room_fyta_g1_01_batterie;fyta_g1_01 Batterie;lea_room;fyta_g1_01;10.0;%
sensor.lea_room_fyta_g1_01_beleuchtung;fyta_g1_01 Beleuchtung;lea_room;fyta_g1_01;0.0;μmol/s⋅m²
sensor.lea_room_fyta_g1_01_beleuchtungsstatus;fyta_g1_01 Beleuchtungsstatus;lea_room;fyta_g1_01;perfect;
sensor.lea_room_fyta_g1_01_feuchtigkeit;fyta_g1_01 Feuchtigkeit;lea_room;fyta_g1_01;32.0;%
sensor.lea_room_fyta_g1_01_feuchtigkeitsstatus;fyta_g1_01 Feuchtigkeitsstatus;lea_room;fyta_g1_01;low;
sensor.lea_room_fyta_g1_01_letzte_dungung;fyta_g1_01 Letzte Düngung;lea_room;fyta_g1_01;2025-08-17T00:00:00;
sensor.lea_room_fyta_g1_01_nachste_dungung;fyta_g1_01 Nächste Düngung;lea_room;fyta_g1_01;2026-02-23T00:00:00;
sensor.lea_room_fyta_g1_01_nahrstoff_status;fyta_g1_01 Nährstoff-Status;lea_room;fyta_g1_01;too_low;
sensor.lea_room_fyta_g1_01_pflanzenzustand;fyta_g1_01 Pflanzenzustand;lea_room;fyta_g1_01;need_attention;
sensor.lea_room_fyta_g1_01_ph;fyta_g1_01 pH;lea_room;fyta_g1_01;unknown;
sensor.lea_room_fyta_g1_01_salzgehalt;fyta_g1_01 Salzgehalt;lea_room;fyta_g1_01;1.0;mS/cm
sensor.lea_room_fyta_g1_01_salzgehalt_status;fyta_g1_01 Salzgehalt-Status;lea_room;fyta_g1_01;too_high;
sensor.lea_room_fyta_g1_01_temperatur;fyta_g1_01 Temperatur;lea_room;fyta_g1_01;27.0;°C
sensor.lea_room_fyta_g1_01_temperatur_status;fyta_g1_01 Temperatur-Status;lea_room;fyta_g1_01;perfect;
sensor.lea_room_fyta_g1_01_wissenschaftlicher_name;fyta_g1_01 Wissenschaftlicher Name;lea_room;fyta_g1_01;Monstera deliciosa;
sensor.lea_room_fyta_g1_03_batterie;fyta_g1_03 Batterie;lea_room;fyta_g1_03;40.0;%
sensor.lea_room_fyta_g1_03_beleuchtung;fyta_g1_03 Beleuchtung;lea_room;fyta_g1_03;0.0;μmol/s⋅m²
sensor.lea_room_fyta_g1_03_beleuchtungsstatus;fyta_g1_03 Beleuchtungsstatus;lea_room;fyta_g1_03;low;
sensor.lea_room_fyta_g1_03_feuchtigkeit;fyta_g1_03 Feuchtigkeit;lea_room;fyta_g1_03;35.0;%
sensor.lea_room_fyta_g1_03_feuchtigkeitsstatus;fyta_g1_03 Feuchtigkeitsstatus;lea_room;fyta_g1_03;low;
sensor.lea_room_fyta_g1_03_letzte_dungung;fyta_g1_03 Letzte Düngung;lea_room;fyta_g1_03;2026-06-27T00:00:00;
sensor.lea_room_fyta_g1_03_nachste_dungung;fyta_g1_03 Nächste Düngung;lea_room;fyta_g1_03;2026-08-08T00:00:00;
sensor.lea_room_fyta_g1_03_nahrstoff_status;fyta_g1_03 Nährstoff-Status;lea_room;fyta_g1_03;perfect;
sensor.lea_room_fyta_g1_03_pflanzenzustand;fyta_g1_03 Pflanzenzustand;lea_room;fyta_g1_03;need_attention;
sensor.lea_room_fyta_g1_03_ph;fyta_g1_03 pH;lea_room;fyta_g1_03;unknown;
sensor.lea_room_fyta_g1_03_salzgehalt;fyta_g1_03 Salzgehalt;lea_room;fyta_g1_03;2.0;mS/cm
sensor.lea_room_fyta_g1_03_salzgehalt_status;fyta_g1_03 Salzgehalt-Status;lea_room;fyta_g1_03;too_high;
sensor.lea_room_fyta_g1_03_temperatur;fyta_g1_03 Temperatur;lea_room;fyta_g1_03;27.0;°C
sensor.lea_room_fyta_g1_03_temperatur_status;fyta_g1_03 Temperatur-Status;lea_room;fyta_g1_03;perfect;
sensor.lea_room_fyta_g1_03_wissenschaftlicher_name;fyta_g1_03 Wissenschaftlicher Name;lea_room;fyta_g1_03;Philodendron erubescens;
sensor.lea_room_humidity;sonoff_th_06 Luftfeuchtigkeit;lea_room;sonoff_th_06;53;%
sensor.lea_room_temperature;sonoff_th_06 Temperatur;lea_room;sonoff_th_06;27.3;°C
sensor.living_room_absolute_humidity;Living Room Absolute Humidity;;;11.47;g/m³
sensor.living_room_dew_point;Living Room Dew Point;;;13.8;°C
sensor.living_room_esp32_display_01_display_livingroom_01_ip_address;esp32_display_01 display-livingroom-01 IP Address;living_room;esp32_display_01;192.168.2.48;
sensor.living_room_esp32_display_01_esp_connected_bssid;esp32_display_01 ESP Connected BSSID;living_room;esp32_display_01;74:83:C2:34:88:87;
sensor.living_room_esp32_display_01_wifi_signal_sensor;esp32_display_01 WiFi Signal Sensor;living_room;esp32_display_01;-51.0;dBm
sensor.living_room_f_rsi_live;Living Room f_Rsi Live;;;unavailable;
sensor.living_room_fyta_g1_02_batterie;fyta_g1_02 Batterie;living_room;fyta_g1_02;0.0;%
sensor.living_room_fyta_g1_02_beleuchtung;fyta_g1_02 Beleuchtung;living_room;fyta_g1_02;18.0;μmol/s⋅m²
sensor.living_room_fyta_g1_02_beleuchtungsstatus;fyta_g1_02 Beleuchtungsstatus;living_room;fyta_g1_02;perfect;
sensor.living_room_fyta_g1_02_feuchtigkeit;fyta_g1_02 Feuchtigkeit;living_room;fyta_g1_02;32.0;%
sensor.living_room_fyta_g1_02_feuchtigkeitsstatus;fyta_g1_02 Feuchtigkeitsstatus;living_room;fyta_g1_02;low;
sensor.living_room_fyta_g1_02_letzte_dungung;fyta_g1_02 Letzte Düngung;living_room;fyta_g1_02;2025-09-25T00:00:00;
sensor.living_room_fyta_g1_02_nachste_dungung;fyta_g1_02 Nächste Düngung;living_room;fyta_g1_02;2025-11-12T00:00:00;
sensor.living_room_fyta_g1_02_nahrstoff_status;fyta_g1_02 Nährstoff-Status;living_room;fyta_g1_02;too_low;
sensor.living_room_fyta_g1_02_pflanzenzustand;fyta_g1_02 Pflanzenzustand;living_room;fyta_g1_02;need_attention;
sensor.living_room_fyta_g1_02_ph;fyta_g1_02 pH;living_room;fyta_g1_02;unknown;
sensor.living_room_fyta_g1_02_salzgehalt;fyta_g1_02 Salzgehalt;living_room;fyta_g1_02;1.0;mS/cm
sensor.living_room_fyta_g1_02_salzgehalt_status;fyta_g1_02 Salzgehalt-Status;living_room;fyta_g1_02;too_high;
sensor.living_room_fyta_g1_02_temperatur;fyta_g1_02 Temperatur;living_room;fyta_g1_02;24.0;°C
sensor.living_room_fyta_g1_02_temperatur_status;fyta_g1_02 Temperatur-Status;living_room;fyta_g1_02;perfect;
sensor.living_room_fyta_g1_02_wissenschaftlicher_name;fyta_g1_02 Wissenschaftlicher Name;living_room;fyta_g1_02;Citrus japonica;
sensor.living_room_humidity;sonoff_th_02 Luftfeuchtigkeit;living_room;sonoff_th_02;49.4;%
sensor.living_room_shelly_plusuni_01_input_2_impulszahler;shelly_plusuni_01 Input 2 Impulszähler;living_room;shelly_plusuni_01;6;pulse
sensor.living_room_shelly_plusuni_01_input_2_impulszahler_frequenz;shelly_plusuni_01 Input 2 Impulszähler-Frequenz;living_room;shelly_plusuni_01;0.0;Hz
sensor.living_room_temperature;sonoff_th_02 Temperatur;living_room;sonoff_th_02;25.2;°C
sensor.living_room_wall_surface_humidity;Living Room Wall Surface Humidity;;;53.7;%
sensor.living_room_wall_surface_humidity_24h;living_room_wall_surface_humidity_24h;;;54.32;%
sensor.living_room_wall_temperature;Living Room Wall Temperature;;;23.8;°C
sensor.mat_de_letzte_datenabfrage;Letzte Datenabfrage;virtual;mat*** (DE);not_loaded;
sensor.mat_de_letzte_detailabfrage;Letzte Detailabfrage;virtual;mat*** (DE);not_loaded;
sensor.mat_de_letzte_energieabfrage;Letzte Energieabfrage;virtual;mat*** (DE);not_loaded;
sensor.matter_server_cpu_percent;CPU Prozent;;Matter Server;not_loaded;
sensor.matter_server_memory_percent;Arbeitsspeicher in Prozent;;Matter Server;not_loaded;
sensor.matter_server_newest_version;Neueste Version;;Matter Server;not_loaded;
sensor.matter_server_version;Version;;Matter Server;not_loaded;
sensor.matzenmedia02_betriebszeit;Betriebszeit;boiler_room;synology_ds225_01;not_loaded;
sensor.matzenmedia02_cpu_auslastung_andere;CPU-Auslastung (andere);boiler_room;synology_ds225_01;not_loaded;
sensor.matzenmedia02_cpu_auslastung_system;CPU-Auslastung (System);boiler_room;synology_ds225_01;not_loaded;
sensor.matzenmedia02_drive_1_status_smart;Status (smart);boiler_room;synology_ds225_01_drive1;not_loaded;
sensor.matzenmedia02_drive_2_status_smart;Status (smart);boiler_room;synology_ds225_01_drive2;not_loaded;
sensor.matzenmedia02_durchschnittliche_cpu_last_1_min;Durchschnittliche CPU-Last (1 min);boiler_room;synology_ds225_01;not_loaded;
sensor.matzenmedia02_speicher_im_cache;Speicher im Cache;boiler_room;synology_ds225_01;not_loaded;
sensor.matzenmedia02_speichergrosse;Speichergröße;boiler_room;synology_ds225_01;not_loaded;
sensor.matzenmedia02_volume_1_gesamtgrosse;Gesamtgröße;boiler_room;synology_ds225_01_volume1;not_loaded;
sensor.matzenmedia02_volume_1_maximale_festplattentemperatur;Maximale Festplattentemperatur;boiler_room;synology_ds225_01_volume1;not_loaded;
sensor.mosquitto_broker_arbeitsspeicher_in_prozent;Arbeitsspeicher in Prozent;;Mosquitto broker;not_loaded;
sensor.mosquitto_broker_cpu_prozent;CPU Prozent;;Mosquitto broker;not_loaded;
sensor.mosquitto_broker_neueste_version;Neueste Version;;Mosquitto broker;not_loaded;
sensor.mosquitto_broker_version;Version;;Mosquitto broker;not_loaded;
sensor.nous_plug_01_current;nous_plug_01 Stromstärke;anna_room;nous_plug_01;0;A
sensor.nous_plug_01_energy;nous_plug_01 Energie;anna_room;nous_plug_01;31.02;kWh
sensor.nous_plug_01_power;nous_plug_01 Leistung;anna_room;nous_plug_01;0;W
sensor.nous_plug_01_voltage;nous_plug_01 Spannung;anna_room;nous_plug_01;243;V
sensor.onedrive_backup_arbeitsspeicher_in_prozent;Arbeitsspeicher in Prozent;;OneDrive Backup;not_loaded;
sensor.onedrive_backup_cpu_prozent;CPU Prozent;;OneDrive Backup;not_loaded;
sensor.onedrive_backup_neueste_version;Neueste Version;;OneDrive Backup;not_loaded;
sensor.onedrive_backup_version;Version;;OneDrive Backup;not_loaded;
sensor.onedrivebackup;;;;Backed_Up;
sensor.onedrivefilesync;;;;Synced;
sensor.openthread_border_router_arbeitsspeicher_in_prozent;Arbeitsspeicher in Prozent;;OpenThread Border Router;not_loaded;
sensor.openthread_border_router_cpu_prozent;CPU Prozent;;OpenThread Border Router;not_loaded;
sensor.openthread_border_router_neueste_version;Neueste Version;;OpenThread Border Router;not_loaded;
sensor.openthread_border_router_version;Version;;OpenThread Border Router;not_loaded;
sensor.outdoor_absolute_humidity;Outdoor Absolute Humidity;;;10.91;g/m³
sensor.outdoor_dew_point;Outdoor Dew Point;;;12.8;°C
sensor.outdoor_humidity;Outdoor Humidity;;;62;%
sensor.outdoor_temperature;Outdoor Temperature;;;20.3;°C
sensor.power_main_betriebszeit;Betriebszeit;staircase_basement;shelly_3empro_01;not_loaded;
sensor.power_main_daily;power_main_daily;;;2.64295;kWh
sensor.power_main_energy;shelly_3empro_01 Energie;staircase_basement;shelly_3empro_01;6595.15819;kWh
sensor.power_main_energy_returned;shelly_3empro_01 Energieeinspeisung;staircase_basement;shelly_3empro_01;278.28598;kWh
sensor.power_main_phase_a_apparent_power;power-main Phase A Scheinleistung;staircase_basement;power-main Phase A;211.8;VA
sensor.power_main_phase_a_energie;Energie;staircase_basement;power-main Phase A;not_loaded;
sensor.power_main_phase_a_energieeinspeisung;Energieeinspeisung;staircase_basement;power-main Phase A;not_loaded;
sensor.power_main_phase_a_frequenz;Frequenz;staircase_basement;power-main Phase A;not_loaded;
sensor.power_main_phase_a_power;power-main Phase A Leistung;staircase_basement;power-main Phase A;127.6;W
sensor.power_main_phase_a_power_factor;power-main Phase A Leistungsfaktor;staircase_basement;power-main Phase A;0.59;
sensor.power_main_phase_a_spannung;Spannung;staircase_basement;power-main Phase A;not_loaded;
sensor.power_main_phase_a_stromstarke;Stromstärke;staircase_basement;power-main Phase A;not_loaded;
sensor.power_main_phase_b_apparent_power;power-main Phase B Scheinleistung;staircase_basement;power-main Phase B;131.3;VA
sensor.power_main_phase_b_energie;Energie;staircase_basement;power-main Phase B;not_loaded;
sensor.power_main_phase_b_energieeinspeisung;Energieeinspeisung;staircase_basement;power-main Phase B;not_loaded;
sensor.power_main_phase_b_frequenz;Frequenz;staircase_basement;power-main Phase B;not_loaded;
sensor.power_main_phase_b_power;power-main Phase B Leistung;staircase_basement;power-main Phase B;71.8;W
sensor.power_main_phase_b_power_factor;power-main Phase B Leistungsfaktor;staircase_basement;power-main Phase B;0.54;
sensor.power_main_phase_b_spannung;Spannung;staircase_basement;power-main Phase B;not_loaded;
sensor.power_main_phase_b_stromstarke;Stromstärke;staircase_basement;power-main Phase B;not_loaded;
sensor.power_main_phase_c_apparent_power;power-main Phase C Scheinleistung;staircase_basement;power-main Phase C;196.1;VA
sensor.power_main_phase_c_energie;Energie;staircase_basement;power-main Phase C;not_loaded;
sensor.power_main_phase_c_energieeinspeisung;Energieeinspeisung;staircase_basement;power-main Phase C;not_loaded;
sensor.power_main_phase_c_frequenz;Frequenz;staircase_basement;power-main Phase C;not_loaded;
sensor.power_main_phase_c_power;power-main Phase C Leistung;staircase_basement;power-main Phase C;171.2;W
sensor.power_main_phase_c_power_factor;power-main Phase C Leistungsfaktor;staircase_basement;power-main Phase C;0.89;
sensor.power_main_phase_c_spannung;Spannung;staircase_basement;power-main Phase C;not_loaded;
sensor.power_main_phase_c_stromstarke;Stromstärke;staircase_basement;power-main Phase C;not_loaded;
sensor.power_main_power;shelly_3empro_01 Leistung;staircase_basement;shelly_3empro_01;370.635;W
sensor.power_main_stromstarke;Stromstärke;staircase_basement;shelly_3empro_01;not_loaded;
sensor.samba_share_arbeitsspeicher_in_prozent;Arbeitsspeicher in Prozent;;Samba share;not_loaded;
sensor.samba_share_cpu_prozent;CPU Prozent;;Samba share;not_loaded;
sensor.samba_share_neueste_version;Neueste Version;;Samba share;not_loaded;
sensor.samba_share_version;Version;;Samba share;not_loaded;
sensor.shelly1minig3_54320461c1ac_betriebszeit;Betriebszeit;living_room;shelly_minig3_01;not_loaded;
sensor.shelly1minig3_54320461c1ac_signalstarke;Signalstärke;living_room;shelly_minig3_01;not_loaded;
sensor.shelly1minig3_54320461c1ac_temperatur;Temperatur;living_room;shelly_minig3_01;not_loaded;
sensor.shelly_dw2_01_batterie;shelly_dw2_01 Batterie;;shelly_dw2_01;100;%
sensor.shelly_dw2_01_beleuchtungsstarke;shelly_dw2_01 Beleuchtungsstärke;;shelly_dw2_01;0;lx
sensor.shelly_dw2_01_kippstellung;shelly_dw2_01 Kippstellung;;shelly_dw2_01;-1;°
sensor.shelly_dw2_01_temperatur;shelly_dw2_01 Temperatur;;shelly_dw2_01;24.7;°C
sensor.shelly_dw_01_battery;shelly_dw_01 Batterie;bedroom;shelly_dw_01;98;%
sensor.shelly_dw_01_illuminance;shelly_dw_01 Beleuchtungsstärke;bedroom;shelly_dw_01;17.0;lx
sensor.shelly_dw_02_battery;shelly_dw_02 Batterie;toilet;shelly_dw_02;100;%
sensor.shelly_dw_03_battery;shelly_dw_03 Batterie;bathroom;shelly_dw_03;100;%
sensor.shelly_dw_03_illuminance;shelly_dw_03 Beleuchtungsstärke;bathroom;shelly_dw_03;21.0;lx
sensor.shelly_dw_04_battery;shelly_dw_04 Batterie;lea_room;shelly_dw_04;100;%
sensor.shelly_dw_05_battery;shelly_dw_05 Batterie;anna_room;shelly_dw_05;100;%
sensor.shelly_dw_06_battery;shelly_dw_06 Batterie;anna_room;shelly_dw_06;100;%
sensor.shellyblugw_08d1f90c9d6c_betriebszeit;Betriebszeit;attic;shelly_blugw_01;not_loaded;
sensor.shellyblugw_08d1f90c9d6c_signalstarke;Signalstärke;attic;shelly_blugw_01;not_loaded;
sensor.shellyplusplugs_80646fce4be8_betriebszeit;Betriebszeit;staircase_ground_floor;shelly_plusplug_01;not_loaded;
sensor.shellyplusplugs_80646fce4be8_signalstarke;Signalstärke;staircase_ground_floor;shelly_plusplug_01;not_loaded;
sensor.shellyplusplugs_80646fce4be8_video_indicator_spannung;Video Indicator Spannung;staircase_ground_floor;shelly_plusplug_01;not_loaded;
sensor.shellyplusplugs_80646fce4be8_video_indicator_stromstarke;Video Indicator Stromstärke;staircase_ground_floor;shelly_plusplug_01;not_loaded;
sensor.shellyplusplugs_80646fce4be8_video_indicator_temperatur;Video Indicator Temperatur;staircase_ground_floor;shelly_plusplug_01;not_loaded;
sensor.shellyplusuni_e08cfe8b4a18_betriebszeit;Betriebszeit;living_room;shelly_plusuni_01;not_loaded;
sensor.shellyplusuni_e08cfe8b4a18_signalstarke;Signalstärke;living_room;shelly_plusuni_01;not_loaded;
sensor.solarbank_01_charge_energy;solarbank_01_charge_energy;;;1.116;kWh
sensor.solarbank_01_discharge_energy;solarbank_01_discharge_energy;;;0.915;kWh
sensor.sonoff_plug_01_current;sonoff_plug_01 Stromstärke;living_room;sonoff_plug_01;0;A
sensor.sonoff_plug_01_energy;sonoff_plug_01 Energie;living_room;sonoff_plug_01;0;kWh
sensor.sonoff_plug_01_energy_month;sonoff_plug_01 Energie;living_room;sonoff_plug_01;0;kWh
sensor.sonoff_plug_01_energy_today;sonoff_plug_01 Energie;living_room;sonoff_plug_01;0;kWh
sensor.sonoff_plug_01_energy_yesterday;sonoff_plug_01 Energie;living_room;sonoff_plug_01;0;kWh
sensor.sonoff_plug_01_overload_protection;sonoff_plug_01 Overload protection;living_room;sonoff_plug_01;{'enable_max_voltage': 'DISABLE', 'enable_min_current': 'DISABLE', 'enable_min_power': 'DISABLE', 'enable_min_voltage': 'DISABLE', 'max_current': 0, 'max_power': 0, 'max_voltage': 0, 'min_current': 0, 'min_power': 0, 'min_voltage': 0};
sensor.sonoff_plug_01_power;sonoff_plug_01 Leistung;living_room;sonoff_plug_01;0;W
sensor.sonoff_plug_01_voltage;sonoff_plug_01 Spannung;living_room;sonoff_plug_01;243.54;V
sensor.sonoff_plug_02_current;sonoff_plug_02 Stromstärke;bedroom;sonoff_plug_02;0;A
sensor.sonoff_plug_02_energy;sonoff_plug_02 Energie;bedroom;sonoff_plug_02;0;kWh
sensor.sonoff_plug_02_energy_month;sonoff_plug_02 Energie;bedroom;sonoff_plug_02;0;kWh
sensor.sonoff_plug_02_energy_today;sonoff_plug_02 Energie;bedroom;sonoff_plug_02;0;kWh
sensor.sonoff_plug_02_energy_yesterday;sonoff_plug_02 Energie;bedroom;sonoff_plug_02;0;kWh
sensor.sonoff_plug_02_overload_protection;sonoff_plug_02 Overload protection;bedroom;sonoff_plug_02;{'enable_max_voltage': 'DISABLE', 'enable_min_current': 'DISABLE', 'enable_min_power': 'DISABLE', 'enable_min_voltage': 'DISABLE', 'max_current': 0, 'max_power': 0, 'max_voltage': 0, 'min_current': 0, 'min_power': 0, 'min_voltage': 0};
sensor.sonoff_plug_02_power;sonoff_plug_02 Leistung;bedroom;sonoff_plug_02;0;W
sensor.sonoff_plug_02_voltage;sonoff_plug_02 Spannung;bedroom;sonoff_plug_02;243.34;V
sensor.sonoff_plug_03_current;sonoff_plug_03 Stromstärke;lea_room;sonoff_plug_03;0;A
sensor.sonoff_plug_03_energy;sonoff_plug_03 Energie;lea_room;sonoff_plug_03;0;kWh
sensor.sonoff_plug_03_energy_month;sonoff_plug_03 Energie;lea_room;sonoff_plug_03;0;kWh
sensor.sonoff_plug_03_energy_today;sonoff_plug_03 Energie;lea_room;sonoff_plug_03;0;kWh
sensor.sonoff_plug_03_energy_yesterday;sonoff_plug_03 Energie;lea_room;sonoff_plug_03;0;kWh
sensor.sonoff_plug_03_overload_protection;sonoff_plug_03 Overload protection;lea_room;sonoff_plug_03;{'enable_max_voltage': 'DISABLE', 'enable_min_current': 'DISABLE', 'enable_min_power': 'DISABLE', 'enable_min_voltage': 'DISABLE', 'max_current': 0, 'max_power': 0, 'max_voltage': 0, 'min_current': 0, 'min_power': 0, 'min_voltage': 0};
sensor.sonoff_plug_03_power;sonoff_plug_03 Leistung;lea_room;sonoff_plug_03;0;W
sensor.sonoff_plug_03_voltage;sonoff_plug_03 Spannung;lea_room;sonoff_plug_03;243.91;V
sensor.sonoff_plug_04_current;sonoff_plug_04 Stromstärke;storage_room;sonoff_plug_04;0.66;A
sensor.sonoff_plug_04_energy;sonoff_plug_04 Energie;storage_room;sonoff_plug_04;0;kWh
sensor.sonoff_plug_04_energy_month;sonoff_plug_04 Energie;storage_room;sonoff_plug_04;0;kWh
sensor.sonoff_plug_04_energy_today;sonoff_plug_04 Energie;storage_room;sonoff_plug_04;0;kWh
sensor.sonoff_plug_04_energy_yesterday;sonoff_plug_04 Energie;storage_room;sonoff_plug_04;0;kWh
sensor.sonoff_plug_04_overload_protection;sonoff_plug_04 Overload protection;storage_room;sonoff_plug_04;{'enable_max_voltage': 'DISABLE', 'enable_min_current': 'DISABLE', 'enable_min_power': 'DISABLE', 'enable_min_voltage': 'DISABLE', 'max_current': 0, 'max_power': 0, 'max_voltage': 0, 'min_current': 0, 'min_power': 0, 'min_voltage': 0};
sensor.sonoff_plug_04_power;sonoff_plug_04 Leistung;storage_room;sonoff_plug_04;146.64;W
sensor.sonoff_plug_04_voltage;sonoff_plug_04 Spannung;storage_room;sonoff_plug_04;244.68;V
sensor.sonoff_th_01_battery;sonoff_th_01 Batterie;bedroom;sonoff_th_01;100;%
sensor.sonoff_th_02_battery;sonoff_th_02 Batterie;living_room;sonoff_th_02;100;%
sensor.sonoff_th_03_battery;sonoff_th_03 Batterie;garden_north;sonoff_th_03;100;%
sensor.sonoff_th_04_battery;sonoff_th_04 Batterie;storage_room;sonoff_th_04;100;%
sensor.sonoff_th_05_battery;sonoff_th_05 Batterie;terrace;sonoff_th_05;100;%
sensor.sonoff_th_06_battery;sonoff_th_06 Batterie;lea_room;sonoff_th_06;100;%
sensor.sonoff_th_07_battery;sonoff_th_07 Batterie;anna_room;sonoff_th_07;100;%
sensor.sonoff_th_08_battery;sonoff_th_08 Batterie;bathroom;sonoff_th_08;100;%
sensor.staircase_basement_anker_shellypro3em_01_cloud_zustand;anker_shellypro3em_01 Cloud Zustand;staircase_basement;anker_shellypro3em_01;online;
sensor.staircase_basement_anker_shellypro3em_01_netz_status;anker_shellypro3em_01 Netz Status;staircase_basement;anker_shellypro3em_01;ok;
sensor.staircase_basement_anker_shellypro3em_01_netzbezug;anker_shellypro3em_01 Netzbezug;staircase_basement;anker_shellypro3em_01;413;W
sensor.staircase_basement_anker_shellypro3em_01_netzeinspeisung;anker_shellypro3em_01 Netzeinspeisung;staircase_basement;anker_shellypro3em_01;0;W
sensor.staircase_basement_shelly_3empro_01_scheinleistung;shelly_3empro_01 Scheinleistung;staircase_basement;shelly_3empro_01;539.148;VA
sensor.staircase_basement_shelly_3empro_01_temperatur;shelly_3empro_01 Temperatur;staircase_basement;shelly_3empro_01;46.0;°C
sensor.staircase_ground_floor_shelly_plusplug_01_video_indicator_energie;shelly_plusplug_01 Video Indicator Energie;staircase_ground_floor;shelly_plusplug_01;0.691633;kWh
sensor.staircase_ground_floor_shelly_plusplug_01_video_indicator_leistung;shelly_plusplug_01 Video Indicator Leistung;staircase_ground_floor;shelly_plusplug_01;0.0;W
sensor.storage_room_absolute_humidity;Storage Room Absolute Humidity;;;11.61;g/m³
sensor.storage_room_dew_point;Storage Room Dew Point;;;13.8;°C
sensor.storage_room_humidity;sonoff_th_04 Luftfeuchtigkeit;storage_room;sonoff_th_04;61.7;%
sensor.storage_room_temperature;sonoff_th_04 Temperatur;storage_room;sonoff_th_04;21.5;°C
sensor.storage_room_wall_surface_humidity;Storage Room Wall Surface Humidity;;;62.8;%
sensor.storage_room_wall_surface_humidity_24h;storage_room_wall_surface_humidity_24h;;;54.73;%
sensor.storage_room_wall_temperature;Storage Room Wall Temperature;;;21.2;°C
sensor.studio_code_server_arbeitsspeicher_in_prozent;Arbeitsspeicher in Prozent;;Studio Code Server;not_loaded;
sensor.studio_code_server_cpu_prozent;CPU Prozent;;Studio Code Server;not_loaded;
sensor.studio_code_server_neueste_version;Neueste Version;;Studio Code Server;not_loaded;
sensor.studio_code_server_version;Version;;Studio Code Server;not_loaded;
sensor.sun_next_dawn;Sun Nächste Morgendämmerung;;Sun;2026-07-15T02:47:12+00:00;
sensor.sun_next_dusk;Sun Nächste Abenddämmerung;;Sun;2026-07-14T20:17:08+00:00;
sensor.sun_next_midnight;Sun Nächste Mitternacht;;Sun;2026-07-14T23:32:04+00:00;
sensor.sun_next_noon;Sun Nächster Höchststand;;Sun;2026-07-14T11:31:54+00:00;
sensor.sun_next_rising;Sun Nächster Aufgang;;Sun;2026-07-15T03:31:09+00:00;
sensor.sun_next_setting;Sun Nächster Untergang;;Sun;2026-07-14T19:33:12+00:00;
sensor.sun_solar_azimuth;Solarer Azimut;;Sun;not_loaded;
sensor.sun_solar_elevation;Solare Elevation;;Sun;not_loaded;
sensor.tailscale_arbeitsspeicher_in_prozent;Arbeitsspeicher in Prozent;;Tailscale;not_loaded;
sensor.tailscale_cpu_prozent;CPU Prozent;;Tailscale;not_loaded;
sensor.tailscale_neueste_version;Neueste Version;;Tailscale;not_loaded;
sensor.tailscale_version;Version;;Tailscale;not_loaded;
sensor.terminal_ssh_arbeitsspeicher_in_prozent;Arbeitsspeicher in Prozent;;Terminal & SSH;not_loaded;
sensor.terminal_ssh_cpu_prozent;CPU Prozent;;Terminal & SSH;not_loaded;
sensor.terminal_ssh_neueste_version;Neueste Version;;Terminal & SSH;not_loaded;
sensor.terminal_ssh_version;Version;;Terminal & SSH;not_loaded;
sensor.terrace_anker_solix_ai_profit;anker_solix AI Profit;virtual;anker_solix;175.30;€
sensor.terrace_anker_solix_ai_uberwachung;anker_solix AI Überwachung;virtual;anker_solix;running;
sensor.terrace_anker_solix_aktiver_benutzermodus;anker_solix Aktiver Benutzermodus;virtual;anker_solix;smart;
sensor.terrace_anker_solix_co2_einsparung;anker_solix CO₂ Einsparung;virtual;anker_solix;535.72;kg
sensor.terrace_anker_solix_dyn_borsenpreis;anker_solix Dyn. Börsenpreis;virtual;anker_solix;unknown;/MWh
sensor.terrace_anker_solix_dyn_preis_gesamt;anker_solix Dyn. Preis gesamt;virtual;anker_solix;unknown;
sensor.terrace_anker_solix_kostenersparnis;anker_solix Kostenersparnis;virtual;anker_solix;356.17;€
sensor.terrace_anker_solix_sb_datenzeit;anker_solix SB Datenzeit;virtual;anker_solix;2026-07-14 06:57:49;
sensor.terrace_anker_solix_smart_meter;anker_solix Smart Meter;virtual;anker_solix;1;
sensor.terrace_anker_solix_solar_drittanbieter;anker_solix Solar Drittanbieter;virtual;anker_solix;0;W
sensor.terrace_anker_solix_solarbanke;anker_solix Solarbänke;virtual;anker_solix;1;
sensor.terrace_anker_solix_system_einspeisevorgabe;anker_solix System Einspeisevorgabe;virtual;anker_solix;0;W
sensor.terrace_esp32_soundmeter_01_wifi_esp32;esp32_soundmeter_01 WiFi ESP32;terrace;esp32_soundmeter_01;-51.0;dBm
sensor.terrace_humidity;sonoff_th_05 Luftfeuchtigkeit;terrace;sonoff_th_05;57.3;%
sensor.terrace_noise_level;esp32_soundmeter_01 Leq_1s;terrace;esp32_soundmeter_01;41.1147155761719;dB
sensor.terrace_noise_level_max;esp32_soundmeter_01 Lmax_1s;terrace;esp32_soundmeter_01;41.1147232055664;dB
sensor.terrace_shelly_shsw25_01_c1_energie;shelly_shsw25_01_c1 Energie;terrace;shelly_shsw25_01_c1;0.0183333333333333;kWh
sensor.terrace_shelly_shsw25_01_c1_leistung;shelly_shsw25_01_c1 Leistung;terrace;shelly_shsw25_01_c1;0.0;W
sensor.terrace_shelly_shsw25_01_c2_energie;shelly_shsw25_01_c2 Energie;terrace;shelly_shsw25_01_c2;0.0;kWh
sensor.terrace_shelly_shsw25_01_c2_leistung;shelly_shsw25_01_c2 Leistung;terrace;shelly_shsw25_01_c2;0.0;W
sensor.terrace_temperature;sonoff_th_05 Temperatur;terrace;sonoff_th_05;20.6;°C
sensor.terrasse_sw_01_betriebszeit;Betriebszeit;living_room;shelly_shsw25_01;not_loaded;
sensor.terrasse_sw_01_geratetemperatur;Gerätetemperatur;living_room;shelly_shsw25_01;not_loaded;
sensor.terrasse_sw_01_signalstarke;Signalstärke;living_room;shelly_shsw25_01;not_loaded;
sensor.terrasse_sw_01_spannung;Spannung;living_room;shelly_shsw25_01;not_loaded;
sensor.thirdreality_waterleak_01_battery;thirdreality_waterleak_01 Batterie;laundry_room;thirdreality_waterleak_01;unknown;%
sensor.thirdreality_waterleak_02_battery;thirdreality_waterleak_02 Batterie;living_room;thirdreality_waterleak_02;100;%
sensor.thirdreality_waterleak_03_battery;thirdreality_waterleak_03 Batterie;toilet;thirdreality_waterleak_03;65;%
sensor.thirdreality_waterleak_04_battery;thirdreality_waterleak_04 Batterie;kitchen;thirdreality_waterleak_04;100;%
sensor.thirdreality_waterleak_05_battery;thirdreality_waterleak_05 Batterie;bathroom;thirdreality_waterleak_05;100;%
sensor.trockner_operation_state;ePaper Dryer Operation State;;;finished;
sensor.trockner_programm_beendet;Programm beendet;laundry_room;siemens_dryer_01;not_loaded;
sensor.trockner_trocknungsvorgang_abgeschlossen;Trocknungsvorgang abgeschlossen;laundry_room;siemens_dryer_01;not_loaded;
sensor.water_daily;water_daily;;;0.0008;m³
sensor.water_monthly;water_monthly;;;0.1351;m³
sensor.watermeter_cputemp;watermeter CPU Temperature;;watermeter;66;°C
sensor.watermeter_error;watermeter Error;;watermeter;no error;
sensor.watermeter_freemem;watermeter Free Memory;;watermeter;808535;B
sensor.watermeter_fwversion;watermeter Firmware Version;;watermeter;unknown;
sensor.watermeter_hostname;watermeter Hostname;;watermeter;unknown;
sensor.watermeter_interval;watermeter Interval;;watermeter;unknown;min
sensor.watermeter_ip;watermeter IP;;watermeter;unknown;
sensor.watermeter_json;watermeter JSON;;watermeter;"  {
    ""value"": ""2807.1898"",
    ""raw"": ""2807.1898"",
    ""pre"": ""2807.1898"",
    ""error"": ""no error"",
    ""rate"": ""0.000004"",
    ""timestamp"": ""2026-07-14T05:35:23+0200""
  }
";
sensor.watermeter_mac;watermeter MAC Address;;watermeter;unknown;
sensor.watermeter_rate_per_digitization_round;watermeter Change since last Digitization round;;watermeter;0.0005;m³
sensor.watermeter_rate_per_time_unit;watermeter Rate (m³/h);;watermeter;0.000250;m³/h
sensor.watermeter_raw;watermeter Raw Value;;watermeter;2807.1898;m³
sensor.watermeter_status;watermeter Status;;watermeter;Flow finished;
sensor.watermeter_timestamp;watermeter Timestamp;;watermeter;2026-07-14T03:35:23+00:00;
sensor.watermeter_uptime;watermeter Uptime;;watermeter;115262;s
sensor.watermeter_value;watermeter Value;;watermeter;2807.1898;m³
sensor.watermeter_wifirssi;watermeter Wi-Fi RSSI;;watermeter;-58;dBm
sensor.zhimi_airp_rmb1_nutzungsdauer;Nutzungsdauer;bedroom;xiaomi_airpurifier_01;not_loaded;
sensor.zigbee2mqtt_arbeitsspeicher_in_prozent;Arbeitsspeicher in Prozent;;Zigbee2MQTT;not_loaded;
sensor.zigbee2mqtt_bridge_coordinator_version;Coordinator version;;Zigbee2MQTT Bridge;not_loaded;
sensor.zigbee2mqtt_bridge_network_map;Network map;;Zigbee2MQTT Bridge;not_loaded;
sensor.zigbee2mqtt_bridge_version;Zigbee2MQTT Bridge Version;;Zigbee2MQTT Bridge;2.12.1;
sensor.zigbee2mqtt_cpu_prozent;CPU Prozent;;Zigbee2MQTT;not_loaded;
sensor.zigbee2mqtt_neueste_version;Neueste Version;;Zigbee2MQTT;not_loaded;
sensor.zigbee2mqtt_version;Version;;Zigbee2MQTT;not_loaded;
sun.sun;Sun;;;above_horizon;
switch.bedroom_xiaomi_airfilter_01_kindersicherung;xiaomi_airpurifier_01 Kindersicherung;bedroom;xiaomi_airpurifier_01;off;
switch.bedroom_xiaomi_airfilter_01_summer;xiaomi_airpurifier_01 Summer;bedroom;xiaomi_airpurifier_01;on;
switch.esphome_device_builder;;;ESPHome Device Builder;not_loaded;
switch.front_door_opener;shelly_plusuni_01_o1;staircase_ground_floor;shelly_plusuni_01_o1;off;
switch.hacs_pre_release;Pre-release;;HACS;not_loaded;
switch.home_assistant_connect_zbt_1_ee1b2528_beta_firmware_updates;Beta-Firmware-Updates;;Home Assistant Connect ZBT-1 (ee1b2528);not_loaded;
switch.ikea_plug_01;ikea_plug_01;laundry_room;ikea_plug_01;on;
switch.ikea_plug_01_child_lock;ikea_plug_01 Child lock;laundry_room;ikea_plug_01;on;
switch.ikea_plug_01_led_enable;ikea_plug_01 Led enable;laundry_room;ikea_plug_01;on;
switch.laundry_room_siemens_dryer_01_einschalter;siemens_dryer_01 Einschalter;laundry_room;siemens_dryer_01;on;
switch.laundry_room_siemens_dryer_01_kindersicherung;siemens_dryer_01 Kindersicherung;laundry_room;siemens_dryer_01;off;
switch.living_room_shelly_minig3_01;shelly_minig3_01;living_room;shelly_minig3_01;unavailable;
switch.mat_de_api_nutzung;mat*** (DE) Api Nutzung;virtual;mat*** (DE);on;
switch.matter_server;;;Matter Server;not_loaded;
switch.mosquitto_broker;;;Mosquitto broker;not_loaded;
switch.nous_plug_01;nous_plug_01;anna_room;nous_plug_01;off;
switch.nous_plug_01_child_lock;nous_plug_01 Child lock;anna_room;nous_plug_01;off;
switch.onedrive_backup;;;OneDrive Backup;not_loaded;
switch.openthread_border_router;;;OpenThread Border Router;not_loaded;
switch.samba_share;;;Samba share;not_loaded;
switch.shellyplusplugs_80646fce4be8_aioshelly_ble_integration;aioshelly_ble_integration;staircase_ground_floor;shelly_plusplug_01;not_loaded;
switch.sonoff_plug_01;sonoff_plug_01;living_room;sonoff_plug_01;off;
switch.sonoff_plug_01_network_indicator;sonoff_plug_01 Network indicator;living_room;sonoff_plug_01;on;
switch.sonoff_plug_01_outlet_control_protect;sonoff_plug_01 Outlet control protect;living_room;sonoff_plug_01;off;
switch.sonoff_plug_02;sonoff_plug_02;bedroom;sonoff_plug_02;off;
switch.sonoff_plug_02_network_indicator;sonoff_plug_02 Network indicator;bedroom;sonoff_plug_02;on;
switch.sonoff_plug_02_outlet_control_protect;sonoff_plug_02 Outlet control protect;bedroom;sonoff_plug_02;off;
switch.sonoff_plug_03;sonoff_plug_03;lea_room;sonoff_plug_03;off;
switch.sonoff_plug_03_network_indicator;sonoff_plug_03 Network indicator;lea_room;sonoff_plug_03;on;
switch.sonoff_plug_03_outlet_control_protect;sonoff_plug_03 Outlet control protect;lea_room;sonoff_plug_03;off;
switch.sonoff_plug_04;sonoff_plug_04;storage_room;sonoff_plug_04;on;
switch.sonoff_plug_04_network_indicator;sonoff_plug_04 Network indicator;storage_room;sonoff_plug_04;on;
switch.sonoff_plug_04_outlet_control_protect;sonoff_plug_04 Outlet control protect;storage_room;sonoff_plug_04;off;
switch.staircase_ground_floor_shelly_plusplug_01_video_indicator;shelly_plusplug_01 Video Indicator;staircase_ground_floor;shelly_plusplug_01;off;
switch.staircase_ground_floor_shelly_plusuni_01_o0;shelly_plusuni_01_o0;staircase_ground_floor;shelly_plusuni_01_o0;off;
switch.studio_code_server;;;Studio Code Server;not_loaded;
switch.tailscale;;;Tailscale;not_loaded;
switch.terminal_ssh;;;Terminal & SSH;not_loaded;
switch.terrace_esp32_soundmeter_01_decibel_meter_on_off;esp32_soundmeter_01 Decibel Meter ON⁄OFF;terrace;esp32_soundmeter_01;on;
switch.terrace_esp32_soundmeter_01_decibel_meter_reset;esp32_soundmeter_01 Decibel Meter Reset;terrace;esp32_soundmeter_01;off;
switch.terrace_shelly_shsw25_01_c1;shelly_shsw25_01_c1;terrace;shelly_shsw25_01_c1;off;
switch.terrace_shelly_shsw25_01_c2;shelly_shsw25_01_c2;terrace;shelly_shsw25_01_c2;off;
switch.thirdreality_waterleak_01;thirdreality_waterleak_01;laundry_room;thirdreality_waterleak_01;unknown;
switch.thirdreality_waterleak_01_water_leak_buzzer;thirdreality_waterleak_01 Water leak buzzer;laundry_room;thirdreality_waterleak_01;unknown;
switch.thirdreality_waterleak_02;thirdreality_waterleak_02;living_room;thirdreality_waterleak_02;off;
switch.thirdreality_waterleak_02_water_leak_buzzer;thirdreality_waterleak_02 Water leak buzzer;living_room;thirdreality_waterleak_02;on;
switch.thirdreality_waterleak_03;thirdreality_waterleak_03;toilet;thirdreality_waterleak_03;off;
switch.thirdreality_waterleak_03_water_leak_buzzer;thirdreality_waterleak_03 Water leak buzzer;toilet;thirdreality_waterleak_03;on;
switch.thirdreality_waterleak_04;thirdreality_waterleak_04;kitchen;thirdreality_waterleak_04;off;
switch.thirdreality_waterleak_04_water_leak_buzzer;thirdreality_waterleak_04 Water leak buzzer;kitchen;thirdreality_waterleak_04;on;
switch.thirdreality_waterleak_05;thirdreality_waterleak_05;bathroom;thirdreality_waterleak_05;off;
switch.thirdreality_waterleak_05_water_leak_buzzer;thirdreality_waterleak_05 Water leak buzzer;bathroom;thirdreality_waterleak_05;on;
switch.zigbee2mqtt;;;Zigbee2MQTT;not_loaded;
switch.zigbee2mqtt_bridge_permit_join;Zigbee2MQTT Bridge Permit join;;Zigbee2MQTT Bridge;off;
todo.einkaufsliste;Einkaufsliste;;;0;
tts.google_ubersetzer_en_com_google_translate_en_com;Google Übersetzer en com Google Translate en com;;Google Übersetzer en com;unknown;
update.anker_solix_update;Anker Solix Update;;Anker Solix;unavailable;
update.attic_shelly_blugw_01_firmware;shelly_blugw_01 Firmware;attic;shelly_blugw_01;off;
update.boiler_room_synology_ds225_01_dsm_update;synology_ds225_01 DSM-Update;boiler_room;synology_ds225_01;on;
update.esphome_device_builder_update;ESPHome Device Builder Update;;ESPHome Device Builder;off;
update.hacs_update;HACS Update;;HACS;off;
update.home_assistant_connect_zbt_1_ee1b2528_firmware;Home Assistant Connect ZBT-1 (ee1b2528) Firmware;;Home Assistant Connect ZBT-1 (ee1b2528);off;
update.home_assistant_core_update;Home Assistant Core Update;;Home Assistant Core;off;
update.home_assistant_operating_system_update;Home Assistant Operating System Update;;Home Assistant Operating System;off;
update.home_assistant_supervisor_update;Home Assistant Supervisor Update;;Home Assistant Supervisor;off;
update.ikea_plug_01;ikea_plug_01;laundry_room;ikea_plug_01;off;
update.living_room_esp32_display_01_firmware;Firmware;living_room;esp32_display_01;not_loaded;
update.living_room_esp32_display_02_firmware;Firmware;living_room;esp32_display_02;not_loaded;
update.living_room_esp32_walltemp_01_firmware;Firmware;living_room;esp32_walltemp_01;not_loaded;
update.living_room_shelly_minig3_01_firmware;shelly_minig3_01 Firmware;living_room;shelly_minig3_01;unavailable;
update.living_room_shelly_plusuni_01_firmware;shelly_plusuni_01 Firmware;living_room;shelly_plusuni_01;off;
update.matter_server_update;Matter Server Update;;Matter Server;off;
update.mosquitto_broker_update;Mosquitto broker Update;;Mosquitto broker;off;
update.nous_plug_01;nous_plug_01;anna_room;nous_plug_01;off;
update.onedrive_backup_update;OneDrive Backup Update;;OneDrive Backup;off;
update.openthread_border_router_update;OpenThread Border Router Update;;OpenThread Border Router;off;
update.power_main_beta_firmware;Beta-Firmware;staircase_basement;shelly_3empro_01;not_loaded;
update.raspberry_pi_4_firmware;Raspberry Pi 4 Firmware;;Raspberry Pi 4;off;
update.samba_share_update;Samba share Update;;Samba share;off;
update.shelly1minig3_54320461c1ac_beta_firmware;Beta-Firmware;living_room;shelly_minig3_01;not_loaded;
update.shellyblugw_08d1f90c9d6c_beta_firmware;Beta-Firmware;attic;shelly_blugw_01;not_loaded;
update.shellyplusplugs_80646fce4be8_beta_firmware;Beta-Firmware;staircase_ground_floor;shelly_plusplug_01;not_loaded;
update.shellyplusuni_e08cfe8b4a18_beta_firmware;Beta-Firmware;living_room;shelly_plusuni_01;not_loaded;
update.sonoff_plug_01;sonoff_plug_01;living_room;sonoff_plug_01;off;
update.sonoff_plug_02;sonoff_plug_02;bedroom;sonoff_plug_02;off;
update.sonoff_plug_03;sonoff_plug_03;lea_room;sonoff_plug_03;off;
update.sonoff_plug_04;sonoff_plug_04;storage_room;sonoff_plug_04;off;
update.sonoff_th_01;sonoff_th_01;bedroom;sonoff_th_01;off;
update.sonoff_th_02;sonoff_th_02;living_room;sonoff_th_02;off;
update.sonoff_th_03;sonoff_th_03;garden_north;sonoff_th_03;off;
update.sonoff_th_04;sonoff_th_04;storage_room;sonoff_th_04;off;
update.sonoff_th_05;sonoff_th_05;terrace;sonoff_th_05;off;
update.sonoff_th_06;sonoff_th_06;lea_room;sonoff_th_06;off;
update.sonoff_th_07;sonoff_th_07;anna_room;sonoff_th_07;off;
update.sonoff_th_08;sonoff_th_08;bathroom;sonoff_th_08;off;
update.staircase_basement_shelly_3empro_01_firmware;shelly_3empro_01 Firmware;staircase_basement;shelly_3empro_01;off;
update.staircase_ground_floor_shelly_plusplug_01_firmware;shelly_plusplug_01 Firmware;staircase_ground_floor;shelly_plusplug_01;off;
update.studio_code_server_update;Studio Code Server Update;;Studio Code Server;off;
update.tailscale_update;Tailscale Update;;Tailscale;off;
update.terminal_ssh_update;Terminal & SSH Update;;Terminal & SSH;off;
update.terrasse_sw_01_beta_firmware;Beta-Firmware;living_room;shelly_shsw25_01;not_loaded;
update.terrasse_sw_01_firmware;Firmware;living_room;shelly_shsw25_01;not_loaded;
update.thirdreality_waterleak_01;thirdreality_waterleak_01;laundry_room;thirdreality_waterleak_01;off;
update.thirdreality_waterleak_02;thirdreality_waterleak_02;living_room;thirdreality_waterleak_02;off;
update.thirdreality_waterleak_03;thirdreality_waterleak_03;toilet;thirdreality_waterleak_03;off;
update.thirdreality_waterleak_04;thirdreality_waterleak_04;kitchen;thirdreality_waterleak_04;off;
update.thirdreality_waterleak_05;thirdreality_waterleak_05;bathroom;thirdreality_waterleak_05;off;
update.zigbee2mqtt_update;Zigbee2MQTT Update;;Zigbee2MQTT;off;
weather.forecast_home;Forecast Home;;Forecast;partlycloudy;
zone.home;Home;;;2;
